"","GAME_DATE_EST","GAME_ID","GAME_STATUS_TEXT","HOME_TEAM_ID","VISITOR_TEAM_ID","SEASON","TEAM_ID_home","PTS_home","FG_PCT_home","FT_PCT_home","FG3_PCT_home","AST_home","REB_home","TEAM_ID_away","PTS_away","FG_PCT_away","FT_PCT_away","FG3_PCT_away","AST_away","REB_away","HOME_TEAM_WINS","DIV_HOME","DIV_AWAY"
"1","2022-12-22",22200477,"Final","NOP","SAS",2022,1610612740,126,0.484,0.926,0.382,25,46,1610612759,117,0.478,0.815,0.321,23,44,"Win","West","West"
"2","2022-12-22",22200478,"Final","UTA","WAS",2022,1610612762,120,0.488,0.952,0.457,16,40,1610612764,112,0.561,0.765,0.333,20,37,"Win","West","East"
"3","2022-12-21",22200466,"Final","CLE","MIL",2022,1610612739,114,0.482,0.786,0.313,22,37,1610612749,106,0.47,0.682,0.433,20,46,"Win","East","East"
"4","2022-12-21",22200467,"Final","PHI","DET",2022,1610612755,113,0.441,0.909,0.297,27,49,1610612765,93,0.392,0.735,0.261,15,46,"Win","East","East"
"5","2022-12-21",22200468,"Final","ATL","CHI",2022,1610612737,108,0.429,1,0.378,22,47,1610612741,110,0.5,0.773,0.292,20,47,"Loss","East","East"
"6","2022-12-21",22200469,"Final","BOS","IND",2022,1610612738,112,0.386,0.84,0.317,26,62,1610612754,117,0.469,0.778,0.462,27,47,"Loss","East","East"
"7","2022-12-21",22200470,"Final","BKN","GSW",2022,1610612751,143,0.643,0.875,0.636,42,32,1610612744,113,0.494,0.76,0.364,32,36,"Win","East","West"
"8","2022-12-21",22200471,"Final","NYK","TOR",2022,1610612752,106,0.553,0.611,0.423,25,38,1610612761,113,0.447,0.909,0.265,17,38,"Loss","East","East"
"9","2022-12-21",22200472,"Final","HOU","ORL",2022,1610612745,110,0.466,0.647,0.395,22,49,1610612753,116,0.451,0.697,0.297,19,45,"Loss","West","East"
"10","2022-12-21",22200473,"Final","MIN","DAL",2022,1610612750,99,0.494,0.7,0.267,23,39,1610612742,104,0.453,0.852,0.333,17,39,"Loss","West","West"
"11","2022-12-21",22200474,"Final","OKC","POR",2022,1610612760,101,0.468,0.84,0.333,19,37,1610612757,98,0.494,0.667,0.389,29,36,"Win","West","West"
"12","2022-12-21",22200475,"Final","SAC","LAL",2022,1610612758,134,0.505,0.75,0.362,29,46,1610612747,120,0.5,0.833,0.458,25,39,"Win","West","West"
"13","2022-12-21",22200476,"Final","LAC","CHA",2022,1610612746,126,0.506,0.913,0.469,29,48,1610612766,105,0.402,0.759,0.29,25,40,"Win","West","East"
"14","2022-12-20",22200461,"Final","DET","UTA",2022,1610612765,111,0.506,0.741,0.36,22,43,1610612762,126,0.505,0.632,0.435,27,43,"Loss","East","West"
"15","2022-12-20",22200462,"Final","MIA","CHI",2022,1610612748,103,0.469,0.706,0.341,26,35,1610612741,113,0.548,0.833,0.419,24,39,"Loss","East","East"
"16","2022-12-20",22200463,"Final","NYK","GSW",2022,1610612752,132,0.517,0.781,0.425,27,47,1610612744,94,0.473,0.923,0.343,23,29,"Win","East","West"
"17","2022-12-20",22200464,"Final","PHX","WAS",2022,1610612756,110,0.461,0.789,0.406,26,44,1610612764,113,0.475,0.703,0.407,22,41,"Loss","West","East"
"18","2022-12-20",22200465,"Final","DEN","MEM",2022,1610612743,105,0.449,0.6,0.37,28,48,1610612763,91,0.444,0.667,0.192,25,42,"Win","West","West"
"19","2022-12-19",22200452,"Final","CLE","UTA",2022,1610612739,122,0.614,0.808,0.577,24,45,1610612762,99,0.387,0.739,0.294,19,35,"Win","East","West"
"20","2022-12-19",22200453,"Final","PHI","TOR",2022,1610612755,104,0.4,0.926,0.357,22,41,1610612761,101,0.42,0.8,0.275,24,50,"Win","East","East"
"21","2022-12-19",22200454,"Final","ATL","ORL",2022,1610612737,126,0.511,0.9,0.375,29,41,1610612753,125,0.474,0.92,0.353,29,45,"Win","East","East"
"22","2022-12-19",22200455,"Final","HOU","SAS",2022,1610612745,105,0.426,0.645,0.208,23,41,1610612759,124,0.554,0.789,0.5,30,46,"Loss","West","West"
"23","2022-12-19",22200456,"Final","MIN","DAL",2022,1610612750,116,0.472,0.833,0.387,19,44,1610612742,106,0.408,0.806,0.422,23,42,"Win","West","West"
"24","2022-12-19",22200457,"Final","NOP","MIL",2022,1610612740,119,0.424,0.708,0.4,30,44,1610612749,128,0.556,0.806,0.325,26,44,"Loss","West","East"
"25","2022-12-19",22200458,"Final","OKC","POR",2022,1610612760,123,0.455,0.865,0.355,20,39,1610612757,121,0.5,0.81,0.432,26,45,"Win","West","West"
"26","2022-12-19",22200459,"Final","PHX","LAL",2022,1610612756,130,0.495,0.75,0.513,21,51,1610612747,104,0.448,0.824,0.429,13,38,"Win","West","West"
"27","2022-12-19",22200460,"Final","SAC","CHA",2022,1610612758,119,0.474,0.548,0.364,23,42,1610612766,125,0.516,0.739,0.323,26,56,"Loss","West","East"
"28","2022-12-18",22200445,"Final","BOS","ORL",2022,1610612738,92,0.348,0.857,0.255,22,54,1610612753,95,0.384,0.895,0.414,20,46,"Loss","East","East"
"29","2022-12-18",22200446,"Final","IND","NYK",2022,1610612754,106,0.433,0.652,0.342,20,44,1610612752,109,0.47,0.767,0.308,13,49,"Loss","East","East"
"30","2022-12-18",22200447,"Final","DET","BKN",2022,1610612765,121,0.477,0.853,0.267,20,41,1610612751,124,0.55,0.913,0.517,26,35,"Loss","East","East"
"31","2022-12-18",22200448,"Final","TOR","GSW",2022,1610612761,110,0.421,0.773,0.394,21,43,1610612744,126,0.531,0.846,0.462,31,41,"Loss","East","West"
"32","2022-12-18",22200449,"Final","MIN","CHI",2022,1610612750,150,0.655,0.813,0.535,38,39,1610612741,126,0.523,0.75,0.421,31,30,"Win","West","East"
"33","2022-12-18",22200450,"Final","DEN","CHA",2022,1610612743,119,0.457,0.647,0.333,33,55,1610612766,115,0.427,0.913,0.316,26,48,"Win","West","East"
"34","2022-12-18",22200451,"Final","LAL","WAS",2022,1610612747,119,0.5,0.727,0.407,29,43,1610612764,117,0.463,0.792,0.256,24,48,"Win","West","East"
"35","2022-12-17",22200438,"Final","LAC","WAS",2022,1610612746,102,0.43,0.615,0.414,19,49,1610612764,93,0.429,0.923,0.36,20,42,"Win","West","East"
"36","2022-12-17",22200439,"Final","SAS","MIA",2022,1610612759,101,0.429,0.758,0.37,29,38,1610612748,111,0.512,0.696,0.367,25,40,"Loss","West","East"
"37","2022-12-17",22200440,"Final","CLE","DAL",2022,1610612739,100,0.426,0.591,0.194,23,51,1610612742,99,0.409,0.632,0.306,19,45,"Win","East","West"
"38","2022-12-17",22200441,"Final","HOU","POR",2022,1610612745,95,0.4,0.69,0.103,19,51,1610612757,107,0.471,0.737,0.361,20,36,"Loss","West","West"
"39","2022-12-17",22200442,"Final","MIL","UTA",2022,1610612749,123,0.533,0.818,0.474,30,54,1610612762,97,0.453,0.5,0.34,24,29,"Win","East","West"
"40","2022-12-17",22200443,"Final","OKC","MEM",2022,1610612760,115,0.413,0.645,0.422,29,53,1610612763,109,0.378,0.784,0.267,15,53,"Win","West","West"
"41","2022-12-17",22200444,"Final","PHX","NOP",2022,1610612756,118,0.47,0.714,0.366,23,35,1610612740,114,0.584,0.769,0.467,27,36,"Win","West","West"
"42","2022-12-16",22200428,"Final","CHA","ATL",2022,1610612766,106,0.398,0.684,0.349,26,43,1610612737,125,0.547,0.824,0.517,25,41,"Loss","East","East"
"43","2022-12-16",22200429,"Final","DET","SAC",2022,1610612765,113,0.459,0.806,0.345,22,46,1610612758,122,0.524,0.828,0.387,30,33,"Loss","East","West"
"44","2022-12-16",22200430,"Final","BOS","ORL",2022,1610612738,109,0.417,0.824,0.239,17,38,1610612753,117,0.462,0.857,0.273,19,53,"Loss","East","East"
"45","2022-12-16",22200431,"Final","CLE","IND",2022,1610612739,118,0.5,0.875,0.452,23,34,1610612754,112,0.525,0.895,0.306,34,33,"Win","East","East"
"46","2022-12-16",22200432,"Final","PHI","GSW",2022,1610612755,118,0.459,0.806,0.395,23,49,1610612744,106,0.415,0.846,0.395,31,48,"Win","East","West"
"47","2022-12-16",22200433,"Final","TOR","BKN",2022,1610612761,116,0.488,0.862,0.375,17,32,1610612751,119,0.605,0.783,0.346,22,37,"Loss","East","East"
"48","2022-12-16",22200434,"Final","CHI","NYK",2022,1610612741,91,0.468,0.875,0.4,26,39,1610612752,114,0.402,0.719,0.386,19,50,"Loss","East","East"
"49","2022-12-16",22200435,"Final","OKC","MIN",2022,1610612760,110,0.466,0.81,0.297,29,45,1610612750,112,0.494,0.56,0.48,23,43,"Loss","West","West"
"50","2022-12-16",22200436,"Final","DAL","POR",2022,1610612742,130,0.556,0.846,0.419,25,40,1610612757,110,0.438,0.76,0.351,21,42,"Win","West","West"
"51","2022-12-16",22200437,"Final","LAL","DEN",2022,1610612747,126,0.527,0.75,0.364,29,45,1610612743,108,0.481,0.75,0.333,25,39,"Win","West","West"
"52","2022-12-15",22200424,"Final","HOU","MIA",2022,1610612745,108,0.468,0.647,0.273,22,51,1610612748,111,0.443,0.739,0.34,21,40,"Loss","West","East"
"53","2022-12-15",22200425,"Final","MEM","MIL",2022,1610612763,142,0.549,0.783,0.375,30,56,1610612749,101,0.372,0.667,0.26,22,39,"Win","West","East"
"54","2022-12-15",22200426,"Final","UTA","NOP",2022,1610612762,132,0.457,0.811,0.383,24,44,1610612740,129,0.475,0.821,0.4,24,49,"Win","West","West"
"55","2022-12-15",22200427,"Final","LAC","PHX",2022,1610612746,95,0.378,0.714,0.364,21,52,1610612756,111,0.463,0.778,0.281,27,53,"Loss","West","West"
"56","2022-12-14",22200414,"Final","CHA","DET",2022,1610612766,134,0.412,0.793,0.333,21,52,1610612765,141,0.516,0.75,0.45,25,52,"Loss","East","East"
"57","2022-12-14",22200415,"Final","IND","GSW",2022,1610612754,125,0.506,0.84,0.41,30,34,1610612744,119,0.465,0.862,0.424,27,46,"Win","East","West"
"58","2022-12-14",22200416,"Final","ORL","ATL",2022,1610612753,135,0.505,0.833,0.444,28,46,1610612737,124,0.5,0.889,0.343,30,39,"Win","East","East"
"59","2022-12-14",22200417,"Final","TOR","SAC",2022,1610612761,123,0.5,0.852,0.286,25,39,1610612758,124,0.484,0.85,0.37,29,50,"Loss","East","West"
"60","2022-12-14",22200418,"Final","CHI","NYK",2022,1610612741,120,0.548,0.864,0.321,25,31,1610612752,128,0.495,0.8,0.529,25,48,"Loss","East","East"
"61","2022-12-14",22200419,"Final","OKC","MIA",2022,1610612760,108,0.5,0.739,0.375,26,44,1610612748,110,0.43,0.8,0.429,25,39,"Loss","West","East"
"62","2022-12-14",22200420,"Final","SAS","POR",2022,1610612759,112,0.464,0.579,0.379,23,40,1610612757,128,0.605,0.706,0.45,26,40,"Loss","West","West"
"63","2022-12-14",22200421,"Final","DAL","CLE",2022,1610612742,90,0.392,0.731,0.342,17,33,1610612739,105,0.526,0.789,0.333,26,43,"Loss","West","East"
"64","2022-12-14",22200422,"Final","DEN","WAS",2022,1610612743,141,0.651,0.829,0.25,31,45,1610612764,128,0.527,0.565,0.487,40,24,"Win","West","East"
"65","2022-12-14",22200423,"Final","LAC","MIN",2022,1610612746,99,0.382,0.81,0.304,21,52,1610612750,88,0.419,0.733,0.182,15,43,"Win","West","West"
"66","2022-12-13",22200409,"Final","PHI","SAC",2022,1610612755,123,0.512,0.778,0.457,34,42,1610612758,103,0.413,0.85,0.238,21,48,"Win","East","West"
"67","2022-12-13",22200410,"Final","MIL","GSW",2022,1610612749,128,0.549,0.813,0.414,22,55,1610612744,111,0.4,0.789,0.4,25,37,"Win","East","West"
"68","2022-12-13",22200411,"Final","HOU","PHX",2022,1610612745,111,0.42,0.912,0.343,16,67,1610612756,97,0.32,0.947,0.255,22,44,"Win","West","West"
"69","2022-12-13",22200412,"Final","UTA","NOP",2022,1610612762,121,0.476,0.667,0.319,31,59,1610612740,100,0.398,0.667,0.148,25,43,"Win","West","West"
"70","2022-12-13",22200413,"Final","LAL","BOS",2022,1610612747,118,0.473,0.733,0.276,23,49,1610612738,122,0.442,0.688,0.396,27,51,"Loss","West","East"
"71","2022-12-12",22200402,"Final","IND","MIA",2022,1610612754,82,0.354,0.75,0.282,16,45,1610612748,87,0.386,0.778,0.265,23,48,"Loss","East","East"
"72","2022-12-12",22200403,"Final","WAS","BKN",2022,1610612764,100,0.468,0.682,0.355,21,44,1610612751,112,0.494,0.889,0.296,25,41,"Loss","East","East"
"73","2022-12-12",22200404,"Final","MEM","ATL",2022,1610612763,128,0.602,0.833,0.406,36,49,1610612737,103,0.356,0.773,0.324,20,39,"Win","West","East"
"74","2022-12-12",22200405,"Final","DAL","OKC",2022,1610612742,121,0.419,0.84,0.407,24,50,1610612760,114,0.477,0.952,0.323,21,42,"Win","West","West"
"75","2022-12-12",22200406,"Final","SAS","CLE",2022,1610612759,112,0.474,0.688,0.333,25,46,1610612739,111,0.489,0.941,0.217,21,44,"Win","West","East"
"76","2022-12-12",22200407,"Final","POR","MIN",2022,1610612757,133,0.539,0.762,0.457,32,54,1610612750,112,0.495,0.526,0.37,25,37,"Win","West","West"
"77","2022-12-12",22200408,"Final","LAC","BOS",2022,1610612746,113,0.489,0.714,0.4,18,46,1610612738,93,0.434,0.692,0.231,27,36,"Win","West","East"
"78","2022-12-11",22200395,"Final","NOP","PHX",2022,1610612740,129,0.581,0.75,0.32,31,43,1610612756,124,0.467,0.765,0.342,34,42,"Win","West","West"
"79","2022-12-11",22200396,"Final","DET","LAL",2022,1610612765,117,0.462,0.824,0.378,28,40,1610612747,124,0.548,0.778,0.423,31,42,"Loss","East","West"
"80","2022-12-11",22200397,"Final","NYK","SAC",2022,1610612752,112,0.449,0.889,0.229,19,55,1610612758,99,0.398,0.657,0.256,20,41,"Win","East","West"
"81","2022-12-11",22200398,"Final","ORL","TOR",2022,1610612753,111,0.468,0.806,0.452,25,42,1610612761,99,0.4,0.868,0.24,18,28,"Win","East","East"
"82","2022-12-11",22200399,"Final","PHI","CHA",2022,1610612755,131,0.554,0.813,0.481,31,41,1610612766,113,0.409,0.867,0.367,21,45,"Win","East","East"
"83","2022-12-11",22200400,"Final","ATL","CHI",2022,1610612737,123,0.48,0.762,0.333,28,45,1610612741,122,0.48,0.826,0.259,28,53,"Win","East","East"
"84","2022-12-11",22200401,"Final","HOU","MIL",2022,1610612745,97,0.44,0.917,0.222,23,49,1610612749,92,0.367,0.778,0.279,18,52,"Win","West","East"
"85","2022-12-10",22200387,"Final","MIA","SAS",2022,1610612748,111,0.481,0.714,0.382,26,32,1610612759,115,0.538,0.774,0.333,24,46,"Loss","East","West"
"86","2022-12-10",22200388,"Final","IND","BKN",2022,1610612754,133,0.553,0.75,0.477,30,30,1610612751,136,0.52,0.719,0.321,19,59,"Loss","East","East"
"87","2022-12-10",22200389,"Final","WAS","LAC",2022,1610612764,107,0.435,0.895,0.471,24,50,1610612746,114,0.426,0.938,0.396,22,42,"Loss","East","West"
"88","2022-12-10",22200390,"Final","CLE","OKC",2022,1610612739,110,0.471,0.692,0.375,25,48,1610612760,102,0.458,0.8,0.345,25,40,"Win","East","West"
"89","2022-12-10",22200391,"Final","CHI","DAL",2022,1610612741,144,0.635,0.708,0.559,33,44,1610612742,115,0.456,0.846,0.25,24,37,"Win","East","West"
"90","2022-12-10",22200392,"Final","GSW","BOS",2022,1610612744,123,0.511,0.8,0.333,26,53,1610612738,107,0.437,0.731,0.3,17,39,"Win","West","East"
"91","2022-12-10",22200393,"Final","DEN","UTA",2022,1610612743,115,0.547,0.813,0.308,28,39,1610612762,110,0.459,0.81,0.366,20,42,"Win","West","West"
"92","2022-12-10",22200394,"Final","POR","MIN",2022,1610612757,124,0.518,0.893,0.382,20,45,1610612750,118,0.542,0.75,0.435,22,28,"Win","West","West"
"93","2022-12-09",22200377,"Final","CHA","NYK",2022,1610612766,102,0.44,0.786,0.231,16,45,1610612752,121,0.441,0.867,0.382,25,48,"Loss","East","East"
"94","2022-12-09",22200378,"Final","IND","WAS",2022,1610612754,121,0.506,0.85,0.439,23,40,1610612764,111,0.532,0.76,0.345,25,38,"Win","East","East"
"95","2022-12-09",22200379,"Final","ORL","TOR",2022,1610612753,113,0.592,0.905,0.385,24,43,1610612761,109,0.424,0.818,0.286,23,33,"Win","East","East"
"96","2022-12-09",22200380,"Final","BKN","ATL",2022,1610612751,120,0.542,0.81,0.433,30,38,1610612737,116,0.495,0.875,0.345,21,38,"Win","East","East"
"97","2022-12-09",22200381,"Final","CLE","SAC",2022,1610612739,95,0.43,0.773,0.333,20,36,1610612758,106,0.53,0.625,0.485,21,38,"Loss","East","West"
"98","2022-12-09",22200382,"Final","PHI","LAL",2022,1610612755,133,0.533,0.864,0.45,30,42,1610612747,122,0.5,0.767,0.355,29,37,"Win","East","West"
"99","2022-12-09",22200383,"Final","MEM","DET",2022,1610612763,114,0.484,0.531,0.281,30,48,1610612765,103,0.4,0.741,0.314,23,47,"Win","West","East"
"100","2022-12-09",22200384,"Final","NOP","PHX",2022,1610612740,128,0.511,0.8,0.296,27,44,1610612756,117,0.5,0.692,0.5,30,37,"Win","West","West"
"101","2022-12-09",22200385,"Final","UTA","MIN",2022,1610612762,108,0.433,0.708,0.295,22,40,1610612750,118,0.532,0.769,0.4,30,44,"Loss","West","West"
"102","2022-12-09",22200386,"Final","DAL","MIL",2022,1610612742,105,0.466,0.417,0.325,21,43,1610612749,106,0.437,0.826,0.344,27,51,"Loss","West","East"
"103","2022-12-08",22200374,"Final","MIA","LAC",2022,1610612748,115,0.511,0.786,0.375,24,43,1610612746,110,0.463,0.905,0.472,24,43,"Win","East","West"
"104","2022-12-08",22200375,"Final","SAS","HOU",2022,1610612759,118,0.554,0.867,0.361,25,38,1610612745,109,0.449,0.733,0.345,23,42,"Win","West","West"
"105","2022-12-08",22200376,"Final","POR","DEN",2022,1610612757,120,0.484,1,0.4,30,38,1610612743,121,0.516,0.682,0.4,28,48,"Loss","West","West"
"106","2022-12-07",22200363,"Final","ORL","LAC",2022,1610612753,116,0.421,0.903,0.286,20,53,1610612746,111,0.411,0.692,0.366,26,53,"Win","East","West"
"107","2022-12-07",22200364,"Final","BKN","CHA",2022,1610612751,122,0.57,0.75,0.387,33,39,1610612766,116,0.534,0.522,0.417,25,40,"Win","East","East"
"108","2022-12-07",22200365,"Final","NYK","ATL",2022,1610612752,113,0.446,0.917,0.472,26,55,1610612737,89,0.376,0.792,0.167,16,39,"Win","East","East"
"109","2022-12-07",22200366,"Final","TOR","LAL",2022,1610612761,126,0.443,0.833,0.279,25,54,1610612747,113,0.425,0.914,0.212,16,46,"Win","East","West"
"110","2022-12-07",22200367,"Final","CHI","WAS",2022,1610612741,115,0.5,0.882,0.435,29,41,1610612764,111,0.488,0.69,0.29,22,38,"Win","East","East"
"111","2022-12-07",22200368,"Final","MEM","OKC",2022,1610612763,123,0.511,0.813,0.368,32,50,1610612760,102,0.37,0.87,0.368,25,48,"Win","West","West"
"112","2022-12-07",22200369,"Final","MIL","SAC",2022,1610612749,126,0.479,0.833,0.424,34,50,1610612758,113,0.473,0.938,0.316,19,40,"Win","East","West"
"113","2022-12-07",22200370,"Final","MIN","IND",2022,1610612750,121,0.473,0.926,0.348,25,51,1610612754,115,0.481,0.75,0.452,22,31,"Win","West","East"
"114","2022-12-07",22200371,"Final","NOP","DET",2022,1610612740,104,0.459,0.783,0.296,21,50,1610612765,98,0.389,0.813,0.357,17,42,"Win","West","East"
"115","2022-12-07",22200372,"Final","UTA","GSW",2022,1610612762,124,0.535,0.81,0.429,26,40,1610612744,123,0.459,0.76,0.333,26,42,"Win","West","West"
"116","2022-12-07",22200373,"Final","PHX","BOS",2022,1610612756,98,0.398,0.842,0.25,19,49,1610612738,125,0.485,0.846,0.356,29,53,"Loss","West","East"
"117","2022-12-06",22200360,"Final","CLE","LAL",2022,1610612739,116,0.516,0.765,0.259,25,44,1610612747,102,0.427,0.833,0.167,16,43,"Win","East","West"
"118","2022-12-06",22200361,"Final","MIA","DET",2022,1610612748,96,0.429,0.769,0.313,21,40,1610612765,116,0.494,0.733,0.463,27,40,"Loss","East","East"
"119","2022-12-06",22200362,"Final","DEN","DAL",2022,1610612743,115,0.513,0.786,0.406,30,36,1610612742,116,0.5,0.871,0.472,27,35,"Loss","West","West"
"120","2022-12-05",22200352,"Final","CHA","LAC",2022,1610612766,117,0.48,0.647,0.353,29,49,1610612746,119,0.484,0.667,0.417,30,47,"Loss","East","West"
"121","2022-12-05",22200353,"Final","ORL","MIL",2022,1610612753,102,0.366,0.897,0.25,21,52,1610612749,109,0.447,0.769,0.325,31,45,"Loss","East","East"
"122","2022-12-05",22200354,"Final","ATL","OKC",2022,1610612737,114,0.431,0.765,0.342,24,54,1610612760,121,0.453,0.958,0.353,25,49,"Loss","East","West"
"123","2022-12-05",22200355,"Final","TOR","BOS",2022,1610612761,110,0.459,0.733,0.357,19,46,1610612738,116,0.489,0.714,0.361,27,49,"Loss","East","East"
"124","2022-12-05",22200356,"Final","HOU","PHI",2022,1610612745,132,0.447,0.773,0.359,19,51,1610612755,123,0.448,0.778,0.472,23,39,"Win","West","East"
"125","2022-12-05",22200357,"Final","MEM","MIA",2022,1610612763,101,0.467,1,0.25,23,41,1610612748,93,0.392,0.773,0.35,23,45,"Win","West","East"
"126","2022-12-05",22200358,"Final","DAL","PHX",2022,1610612742,130,0.524,0.846,0.488,23,41,1610612756,111,0.44,0.692,0.351,28,41,"Win","West","West"
"127","2022-12-05",22200359,"Final","GSW","IND",2022,1610612744,104,0.404,0.789,0.295,26,47,1610612754,112,0.478,0.611,0.385,26,47,"Loss","West","East"
"128","2022-12-04",22200344,"Final","NOP","DEN",2022,1610612740,121,0.506,0.778,0.423,29,36,1610612743,106,0.506,0.667,0.258,24,43,"Win","West","West"
"129","2022-12-04",22200345,"Final","SAS","PHX",2022,1610612759,95,0.437,0.722,0.194,19,40,1610612756,133,0.521,0.8,0.514,38,45,"Loss","West","West"
"130","2022-12-04",22200346,"Final","BKN","BOS",2022,1610612751,92,0.405,0.682,0.346,17,45,1610612738,103,0.432,0.9,0.395,18,48,"Loss","East","East"
"131","2022-12-04",22200347,"Final","DET","MEM",2022,1610612765,112,0.44,0.833,0.371,26,39,1610612763,122,0.467,0.724,0.429,28,46,"Loss","East","West"
"132","2022-12-04",22200348,"Final","NYK","CLE",2022,1610612752,92,0.407,0.81,0.172,17,54,1610612739,81,0.349,0.75,0.229,17,39,"Win","East","East"
"133","2022-12-04",22200349,"Final","WAS","LAL",2022,1610612764,119,0.467,0.733,0.256,24,44,1610612747,130,0.542,0.727,0.385,34,51,"Loss","East","West"
"134","2022-12-04",22200350,"Final","SAC","CHI",2022,1610612758,110,0.465,0.895,0.302,30,46,1610612741,101,0.442,0.842,0.36,17,39,"Win","West","East"
"135","2022-12-04",22200351,"Final","POR","IND",2022,1610612757,116,0.488,0.682,0.425,32,45,1610612754,100,0.44,0.833,0.303,22,44,"Win","West","East"
"136","2022-12-03",22200337,"Final","NYK","DAL",2022,1610612752,100,0.455,0.714,0.323,18,45,1610612742,121,0.43,0.786,0.393,27,50,"Loss","East","West"
"137","2022-12-03",22200338,"Final","LAC","SAC",2022,1610612746,96,0.355,0.808,0.273,15,50,1610612758,123,0.517,0.667,0.344,31,46,"Loss","West","West"
"138","2022-12-03",22200339,"Final","CHA","MIL",2022,1610612766,96,0.391,0.885,0.208,15,44,1610612749,105,0.47,0.789,0.375,24,47,"Loss","East","East"
"139","2022-12-03",22200340,"Final","TOR","ORL",2022,1610612761,121,0.56,0.72,0.31,31,43,1610612753,108,0.487,0.808,0.393,23,29,"Win","East","East"
"140","2022-12-03",22200341,"Final","MIN","OKC",2022,1610612750,128,0.528,0.8,0.333,25,44,1610612760,135,0.516,0.8,0.423,26,42,"Loss","West","West"
"141","2022-12-03",22200342,"Final","GSW","HOU",2022,1610612744,120,0.529,0.5,0.481,34,35,1610612745,101,0.44,0.9,0.107,17,45,"Win","West","West"
"142","2022-12-03",22200343,"Final","UTA","POR",2022,1610612762,111,0.452,0.786,0.361,20,44,1610612757,116,0.482,0.774,0.4,19,49,"Loss","West","West"
"143","2022-12-02",22200326,"Final","CHA","WAS",2022,1610612766,117,0.421,0.806,0.414,25,45,1610612764,116,0.453,0.743,0.364,23,56,"Win","East","East"
"144","2022-12-02",22200327,"Final","ATL","DEN",2022,1610612737,117,0.557,0.643,0.357,24,43,1610612743,109,0.529,0.538,0.375,31,33,"Win","East","West"
"145","2022-12-02",22200328,"Final","BOS","MIA",2022,1610612738,116,0.46,0.75,0.333,26,48,1610612748,120,0.475,0.722,0.314,19,50,"Loss","East","East"
"146","2022-12-02",22200329,"Final","BKN","TOR",2022,1610612751,114,0.537,0.682,0.344,27,41,1610612761,105,0.437,0.733,0.292,16,43,"Win","East","East"
"147","2022-12-02",22200330,"Final","CLE","ORL",2022,1610612739,107,0.488,1,0.381,22,33,1610612753,96,0.494,0.667,0.348,19,40,"Win","East","East"
"148","2022-12-02",22200331,"Final","MIL","LAL",2022,1610612749,129,0.532,0.8,0.395,29,42,1610612747,133,0.542,0.75,0.423,32,44,"Loss","East","West"
"149","2022-12-02",22200332,"Final","MEM","PHI",2022,1610612763,117,0.433,0.786,0.367,22,57,1610612755,109,0.44,0.882,0.424,23,42,"Win","West","East"
"150","2022-12-02",22200333,"Final","SAS","NOP",2022,1610612759,99,0.388,0.75,0.282,26,49,1610612740,117,0.435,0.962,0.286,25,53,"Loss","West","West"
"151","2022-12-02",22200334,"Final","PHX","HOU",2022,1610612756,121,0.529,0.737,0.459,30,37,1610612745,122,0.494,0.791,0.333,19,41,"Loss","West","West"
"152","2022-12-02",22200335,"Final","UTA","IND",2022,1610612762,139,0.554,0.865,0.441,29,47,1610612754,119,0.435,0.818,0.353,25,35,"Win","West","East"
"153","2022-12-02",22200336,"Final","GSW","CHI",2022,1610612744,119,0.483,0.652,0.4,32,50,1610612741,111,0.462,0.667,0.333,28,44,"Win","West","East"
"154","2022-12-01",22200325,"Final","DET","DAL",2022,1610612765,131,0.543,0.583,0.429,29,52,1610612742,125,0.535,0.483,0.413,25,30,"Win","East","West"
"155","2022-11-30",22200312,"Final","CLE","PHI",2022,1610612739,113,0.608,0.8,0.517,28,40,1610612755,85,0.416,0.833,0.231,19,30,"Win","East","East"
"156","2022-11-30",22200313,"Final","ORL","ATL",2022,1610612753,108,0.494,0.88,0.296,26,33,1610612737,125,0.543,0.789,0.25,25,49,"Loss","East","East"
"157","2022-11-30",22200314,"Final","BOS","MIA",2022,1610612738,134,0.554,0.87,0.489,32,41,1610612748,121,0.522,1,0.45,25,32,"Win","East","East"
"158","2022-11-30",22200315,"Final","BKN","WAS",2022,1610612751,113,0.464,0.923,0.423,22,35,1610612764,107,0.438,0.676,0.25,19,51,"Win","East","East"
"159","2022-11-30",22200316,"Final","NYK","MIL",2022,1610612752,103,0.42,0.65,0.2,18,55,1610612749,109,0.433,0.808,0.286,23,52,"Loss","East","East"
"160","2022-11-30",22200317,"Final","MIN","MEM",2022,1610612750,109,0.461,0.789,0.308,26,29,1610612763,101,0.425,0.6,0.346,17,59,"Win","West","West"
"161","2022-11-30",22200318,"Final","NOP","TOR",2022,1610612740,126,0.523,0.846,0.424,28,52,1610612761,108,0.477,0.684,0.289,29,30,"Win","West","East"
"162","2022-11-30",22200319,"Final","OKC","SAS",2022,1610612760,119,0.511,0.667,0.333,17,52,1610612759,111,0.446,0.76,0.27,27,44,"Win","West","West"
"163","2022-11-30",22200320,"Final","DEN","HOU",2022,1610612743,120,0.53,0.75,0.531,30,42,1610612745,100,0.42,0.778,0.293,18,39,"Win","West","West"
"164","2022-11-30",22200321,"Final","PHX","CHI",2022,1610612756,132,0.527,0.905,0.455,22,46,1610612741,113,0.5,0.818,0.16,21,35,"Win","West","East"
"165","2022-11-30",22200322,"Final","UTA","LAC",2022,1610612762,125,0.556,0.75,0.438,24,46,1610612746,112,0.398,0.778,0.333,16,39,"Win","West","West"
"166","2022-11-30",22200323,"Final","SAC","IND",2022,1610612758,137,0.505,0.862,0.372,28,58,1610612754,114,0.4,0.733,0.324,28,47,"Win","West","East"
"167","2022-11-30",22200324,"Final","LAL","POR",2022,1610612747,128,0.495,0.692,0.378,28,48,1610612757,109,0.467,0.81,0.333,21,45,"Win","West","West"
"168","2022-11-29",22200309,"Final","DET","NYK",2022,1610612765,110,0.506,0.65,0.333,28,30,1610612752,140,0.563,0.762,0.457,31,51,"Loss","East","East"
"169","2022-11-29",22200310,"Final","DAL","GSW",2022,1610612742,116,0.462,0.63,0.341,21,39,1610612744,113,0.477,0.783,0.256,27,50,"Win","West","West"
"170","2022-11-29",22200311,"Final","POR","LAC",2022,1610612757,112,0.467,0.733,0.486,24,43,1610612746,118,0.461,0.821,0.419,26,48,"Loss","West","West"
"171","2022-11-28",22200299,"Final","PHI","ATL",2022,1610612755,104,0.453,0.889,0.357,23,37,1610612737,101,0.5,0.682,0.444,26,42,"Win","East","East"
"172","2022-11-28",22200300,"Final","WAS","MIN",2022,1610612764,142,0.571,0.852,0.484,31,34,1610612750,127,0.5,0.857,0.259,20,45,"Win","East","West"
"173","2022-11-28",22200301,"Final","BOS","CHA",2022,1610612738,140,0.591,0.857,0.462,40,39,1610612766,105,0.488,0.667,0.379,28,37,"Win","East","East"
"174","2022-11-28",22200302,"Final","BKN","ORL",2022,1610612751,109,0.543,0.857,0.321,20,42,1610612753,102,0.475,0.591,0.419,18,35,"Win","East","East"
"175","2022-11-28",22200303,"Final","TOR","CLE",2022,1610612761,100,0.44,0.824,0.429,23,45,1610612739,88,0.378,0.813,0.184,21,47,"Win","East","East"
"176","2022-11-28",22200304,"Final","NOP","OKC",2022,1610612740,105,0.448,0.9,0.281,21,49,1610612760,101,0.37,0.913,0.316,16,47,"Win","West","West"
"177","2022-11-28",22200305,"Final","DEN","HOU",2022,1610612743,129,0.568,0.85,0.4,31,43,1610612745,113,0.459,0.76,0.364,25,37,"Win","West","West"
"178","2022-11-28",22200306,"Final","UTA","CHI",2022,1610612762,107,0.482,0.4,0.388,30,45,1610612741,114,0.462,0.88,0.273,21,50,"Loss","West","East"
"179","2022-11-28",22200307,"Final","SAC","PHX",2022,1610612758,117,0.523,0.889,0.36,32,37,1610612756,122,0.532,0.857,0.313,26,45,"Loss","West","West"
"180","2022-11-28",22200308,"Final","LAL","IND",2022,1610612747,115,0.43,0.774,0.355,23,57,1610612754,116,0.41,0.813,0.347,29,49,"Loss","West","East"
"181","2022-11-27",22200290,"Final","BKN","POR",2022,1610612751,111,0.526,0.778,0.429,27,38,1610612757,97,0.443,0.682,0.364,27,42,"Win","East","West"
"182","2022-11-27",22200291,"Final","MIN","GSW",2022,1610612750,114,0.443,0.759,0.4,22,31,1610612744,137,0.575,0.85,0.426,36,47,"Loss","West","West"
"183","2022-11-27",22200292,"Final","LAC","IND",2022,1610612746,114,0.447,0.75,0.188,33,62,1610612754,100,0.383,0.826,0.214,23,39,"Win","West","East"
"184","2022-11-27",22200293,"Final","ATL","MIA",2022,1610612737,98,0.398,0.947,0.278,24,42,1610612748,106,0.488,0.895,0.273,28,46,"Loss","East","East"
"185","2022-11-27",22200294,"Final","BOS","WAS",2022,1610612738,130,0.55,1,0.471,25,38,1610612764,121,0.537,0.788,0.25,23,29,"Win","East","East"
"186","2022-11-27",22200295,"Final","DET","CLE",2022,1610612765,94,0.456,0.538,0.286,14,36,1610612739,102,0.429,0.848,0.286,14,41,"Loss","East","East"
"187","2022-11-27",22200296,"Final","NYK","MEM",2022,1610612752,123,0.506,0.833,0.333,30,42,1610612763,127,0.484,0.742,0.375,32,50,"Loss","East","West"
"188","2022-11-27",22200297,"Final","ORL","PHI",2022,1610612753,103,0.456,0.76,0.3,21,26,1610612755,133,0.649,0.815,0.407,32,43,"Loss","East","East"
"189","2022-11-27",22200298,"Final","MIL","DAL",2022,1610612749,124,0.558,0.733,0.459,28,40,1610612742,115,0.513,0.64,0.415,23,32,"Win","East","West"
"190","2022-11-26",22200286,"Final","TOR","DAL",2022,1610612761,105,0.432,0.808,0.308,20,48,1610612742,100,0.479,0.792,0.282,28,34,"Win","East","West"
"191","2022-11-26",22200287,"Final","HOU","OKC",2022,1610612745,118,0.523,0.714,0.5,25,53,1610612760,105,0.392,0.826,0.227,19,41,"Win","West","West"
"192","2022-11-26",22200288,"Final","SAS","LAL",2022,1610612759,138,0.505,0.7,0.486,33,47,1610612747,143,0.58,0.865,0.515,25,39,"Loss","West","West"
"193","2022-11-26",22200289,"Final","PHX","UTA",2022,1610612756,113,0.457,0.767,0.273,23,48,1610612762,112,0.506,0.76,0.406,20,40,"Win","West","West"
"194","2022-11-25",22200272,"Final","CHA","MIN",2022,1610612766,110,0.449,0.688,0.32,24,55,1610612750,108,0.427,0.944,0.22,24,45,"Win","East","West"
"195","2022-11-25",22200273,"Final","ORL","PHI",2022,1610612753,99,0.425,0.815,0.257,20,35,1610612755,107,0.476,0.833,0.389,25,47,"Loss","East","East"
"196","2022-11-25",22200274,"Final","NYK","POR",2022,1610612752,129,0.438,0.857,0.317,27,44,1610612757,132,0.494,0.745,0.313,24,48,"Loss","East","West"
"197","2022-11-25",22200275,"Final","BOS","SAC",2022,1610612738,122,0.494,0.889,0.432,27,38,1610612758,104,0.414,0.885,0.25,20,45,"Win","East","West"
"198","2022-11-25",22200276,"Final","IND","BKN",2022,1610612754,128,0.5,0.789,0.353,28,41,1610612751,117,0.534,0.8,0.366,27,38,"Win","East","East"
"199","2022-11-25",22200277,"Final","MIA","WAS",2022,1610612748,110,0.472,0.826,0.269,24,47,1610612764,107,0.43,0.8,0.282,27,45,"Win","East","East"
"200","2022-11-25",22200278,"Final","HOU","ATL",2022,1610612745,128,0.471,0.829,0.343,25,59,1610612737,122,0.476,0.806,0.385,14,28,"Win","West","East"
"201","2022-11-25",22200279,"Final","MEM","NOP",2022,1610612763,132,0.516,0.741,0.474,26,46,1610612740,111,0.43,0.871,0.323,26,41,"Win","West","West"
"202","2022-11-25",22200280,"Final","MIL","CLE",2022,1610612749,117,0.506,0.72,0.469,27,43,1610612739,102,0.391,0.846,0.364,12,41,"Win","East","East"
"203","2022-11-25",22200281,"Final","OKC","CHI",2022,1610612760,123,0.463,0.875,0.241,24,50,1610612741,119,0.436,0.826,0.364,25,47,"Win","West","East"
"204","2022-11-25",22200282,"Final","SAS","LAL",2022,1610612759,94,0.38,0.75,0.182,21,50,1610612747,105,0.482,0.85,0.296,28,49,"Loss","West","West"
"205","2022-11-25",22200283,"Final","PHX","DET",2022,1610612756,108,0.483,0.654,0.241,25,43,1610612765,102,0.424,0.938,0.346,21,49,"Win","West","East"
"206","2022-11-25",22200284,"Final","GSW","UTA",2022,1610612744,129,0.515,0.833,0.444,33,49,1610612762,118,0.474,0.882,0.244,28,42,"Win","West","West"
"207","2022-11-25",22200285,"Final","LAC","DEN",2022,1610612746,104,0.544,0.559,0.5,22,33,1610612743,114,0.494,0.696,0.333,27,37,"Loss","West","West"
"208","2022-11-23",22200260,"Final","CHA","PHI",2022,1610612766,107,0.478,0.619,0.261,25,44,1610612755,101,0.442,0.889,0.237,20,45,"Win","East","East"
"209","2022-11-23",22200261,"Final","CLE","POR",2022,1610612739,114,0.554,0.87,0.444,22,39,1610612757,96,0.449,1,0.419,28,32,"Win","East","West"
"210","2022-11-23",22200262,"Final","IND","MIN",2022,1610612754,101,0.385,0.688,0.364,25,30,1610612750,115,0.61,0.765,0.364,31,50,"Loss","East","West"
"211","2022-11-23",22200263,"Final","ATL","SAC",2022,1610612737,115,0.446,0.957,0.367,23,47,1610612758,106,0.461,0.714,0.29,27,48,"Win","East","West"
"212","2022-11-23",22200264,"Final","BOS","DAL",2022,1610612738,125,0.536,0.857,0.5,29,38,1610612742,112,0.537,0.619,0.355,20,35,"Win","East","West"
"213","2022-11-23",22200265,"Final","MIA","WAS",2022,1610612748,113,0.419,0.864,0.39,20,53,1610612764,105,0.472,0.579,0.263,27,43,"Win","East","East"
"214","2022-11-23",22200266,"Final","TOR","BKN",2022,1610612761,98,0.356,0.76,0.241,16,52,1610612751,112,0.549,0.714,0.447,32,39,"Loss","East","East"
"215","2022-11-23",22200267,"Final","MIL","CHI",2022,1610612749,113,0.456,0.76,0.316,24,48,1610612741,118,0.494,0.778,0.429,30,35,"Loss","East","East"
"216","2022-11-23",22200268,"Final","OKC","DEN",2022,1610612760,126,0.433,0.857,0.45,26,39,1610612743,131,0.477,0.805,0.368,31,55,"Loss","West","West"
"217","2022-11-23",22200269,"Final","SAS","NOP",2022,1610612759,110,0.482,0.643,0.294,31,37,1610612740,129,0.573,0.7,0.424,33,42,"Loss","West","West"
"218","2022-11-23",22200270,"Final","UTA","DET",2022,1610612762,116,0.494,0.842,0.439,31,38,1610612765,125,0.494,0.926,0.5,24,38,"Loss","West","East"
"219","2022-11-23",22200271,"Final","GSW","LAC",2022,1610612744,124,0.495,0.692,0.373,36,45,1610612746,107,0.453,0.667,0.379,22,43,"Win","West","West"
"220","2022-11-22",22200256,"Final","PHI","BKN",2022,1610612755,115,0.434,0.813,0.5,19,49,1610612751,106,0.55,0.692,0.321,31,35,"Win","East","East"
"221","2022-11-22",22200257,"Final","MEM","SAC",2022,1610612763,109,0.451,0.633,0.267,26,49,1610612758,113,0.433,0.741,0.333,27,45,"Loss","West","West"
"222","2022-11-22",22200258,"Final","DEN","DET",2022,1610612743,108,0.5,0.654,0.263,28,42,1610612765,110,0.511,0.857,0.286,27,40,"Loss","West","East"
"223","2022-11-22",22200259,"Final","PHX","LAL",2022,1610612756,115,0.471,0.6,0.471,23,49,1610612747,105,0.424,0.829,0.182,19,45,"Win","West","West"
"224","2022-11-21",22200248,"Final","CLE","ATL",2022,1610612739,114,0.6,0.87,0.526,24,37,1610612737,102,0.437,0.882,0.324,24,35,"Win","East","East"
"225","2022-11-21",22200249,"Final","IND","ORL",2022,1610612754,123,0.5,0.889,0.283,32,48,1610612753,102,0.424,0.76,0.314,20,38,"Win","East","East"
"226","2022-11-21",22200250,"Final","CHI","BOS",2022,1610612741,121,0.517,0.75,0.483,26,51,1610612738,107,0.437,0.706,0.38,28,38,"Win","East","East"
"227","2022-11-21",22200251,"Final","MIL","POR",2022,1610612749,119,0.547,0.64,0.321,31,42,1610612757,111,0.473,0.789,0.276,19,40,"Win","East","West"
"228","2022-11-21",22200252,"Final","MIN","MIA",2022,1610612750,105,0.435,0.85,0.298,30,40,1610612748,101,0.389,0.667,0.289,26,46,"Win","West","East"
"229","2022-11-21",22200253,"Final","NOP","GSW",2022,1610612740,128,0.538,0.714,0.357,30,50,1610612744,83,0.378,0.895,0.233,17,34,"Win","West","West"
"230","2022-11-21",22200254,"Final","OKC","NYK",2022,1610612760,119,0.489,0.781,0.333,25,38,1610612752,129,0.526,0.8,0.324,21,48,"Loss","West","East"
"231","2022-11-21",22200255,"Final","LAC","UTA",2022,1610612746,121,0.516,0.947,0.375,26,41,1610612762,114,0.449,0.917,0.316,22,45,"Win","West","West"
"232","2022-11-20",22200240,"Final","PHX","NYK",2022,1610612756,116,0.426,0.722,0.436,35,60,1610612752,95,0.4,0.8,0.28,20,39,"Win","West","East"
"233","2022-11-20",22200241,"Final","WAS","CHA",2022,1610612764,106,0.43,0.722,0.382,19,49,1610612766,102,0.39,0.696,0.25,19,51,"Win","East","East"
"234","2022-11-20",22200242,"Final","SAC","DET",2022,1610612758,137,0.553,0.886,0.343,29,41,1610612765,129,0.528,0.87,0.517,20,35,"Win","West","East"
"235","2022-11-20",22200243,"Final","BKN","MEM",2022,1610612751,127,0.602,0.733,0.471,33,45,1610612763,115,0.434,0.548,0.324,28,44,"Win","East","West"
"236","2022-11-20",22200244,"Final","CLE","MIA",2022,1610612739,113,0.53,0.75,0.351,31,49,1610612748,87,0.388,0.864,0.194,17,30,"Win","East","East"
"237","2022-11-20",22200245,"Final","HOU","GSW",2022,1610612745,120,0.456,0.852,0.333,24,45,1610612744,127,0.535,0.733,0.511,38,40,"Loss","West","West"
"238","2022-11-20",22200246,"Final","DAL","DEN",2022,1610612742,97,0.449,0.571,0.357,24,36,1610612743,98,0.474,0.789,0.333,22,44,"Loss","West","West"
"239","2022-11-20",22200247,"Final","LAL","SAS",2022,1610612747,123,0.529,0.875,0.353,29,54,1610612759,92,0.39,0.3,0.206,26,44,"Win","West","West"
"240","2022-11-19",22200235,"Final","ATL","TOR",2022,1610612737,124,0.5,0.781,0.28,23,50,1610612761,122,0.444,0.818,0.216,27,51,"Win","East","East"
"241","2022-11-19",22200237,"Final","PHI","MIN",2022,1610612755,109,0.479,0.844,0.438,21,39,1610612750,112,0.471,0.833,0.333,28,43,"Loss","East","West"
"242","2022-11-19",22200238,"Final","POR","UTA",2022,1610612757,113,0.47,0.815,0.31,27,43,1610612762,118,0.462,0.87,0.359,23,42,"Loss","West","West"
"243","2022-11-19",22200239,"Final","LAC","SAS",2022,1610612746,119,0.543,0.526,0.525,32,35,1610612759,97,0.414,0.857,0.269,22,43,"Win","West","West"
"244","2022-11-18",22200224,"Final","WAS","MIA",2022,1610612764,107,0.427,0.714,0.326,33,54,1610612748,106,0.357,0.781,0.256,23,53,"Win","East","East"
"245","2022-11-18",22200225,"Final","CLE","CHA",2022,1610612739,132,0.533,0.813,0.286,25,50,1610612766,122,0.4,0.833,0.318,24,53,"Win","East","East"
"246","2022-11-18",22200226,"Final","PHI","MIL",2022,1610612755,110,0.513,0.654,0.464,28,41,1610612749,102,0.456,0.381,0.333,22,42,"Win","East","East"
"247","2022-11-18",22200227,"Final","CHI","ORL",2022,1610612741,107,0.461,0.8,0.238,27,46,1610612753,108,0.494,0.909,0.429,25,41,"Loss","East","East"
"248","2022-11-18",22200228,"Final","HOU","IND",2022,1610612745,91,0.337,0.844,0.214,15,49,1610612754,99,0.402,0.778,0.293,25,45,"Loss","West","East"
"249","2022-11-18",22200229,"Final","MEM","OKC",2022,1610612763,121,0.419,0.725,0.359,26,57,1610612760,110,0.469,0.818,0.324,34,43,"Win","West","West"
"250","2022-11-18",22200230,"Final","DAL","DEN",2022,1610612742,127,0.597,0.786,0.406,29,44,1610612743,99,0.422,0.722,0.333,24,36,"Win","West","West"
"251","2022-11-18",22200231,"Final","NOP","BOS",2022,1610612740,109,0.494,0.769,0.371,24,37,1610612738,117,0.482,0.882,0.435,28,46,"Loss","West","East"
"252","2022-11-18",22200232,"Final","UTA","PHX",2022,1610612762,134,0.56,0.667,0.516,32,36,1610612756,133,0.521,0.929,0.3,29,42,"Win","West","West"
"253","2022-11-18",22200233,"Final","GSW","NYK",2022,1610612744,111,0.451,0.55,0.36,32,51,1610612752,101,0.345,0.941,0.265,16,45,"Win","West","East"
"254","2022-11-18",22200234,"Final","LAL","DET",2022,1610612747,128,0.551,0.875,0.35,29,44,1610612765,121,0.467,0.75,0.324,27,37,"Win","West","East"
"255","2022-11-17",22200221,"Final","POR","BKN",2022,1610612757,107,0.387,0.815,0.361,22,39,1610612751,109,0.506,0.783,0.379,32,47,"Loss","West","East"
"256","2022-11-17",22200222,"Final","SAC","SAS",2022,1610612758,130,0.578,0.917,0.4,28,37,1610612759,112,0.548,0.75,0.423,29,32,"Win","West","West"
"257","2022-11-17",22200223,"Final","LAC","DET",2022,1610612746,96,0.407,0.792,0.367,17,51,1610612765,91,0.375,0.792,0.194,15,43,"Win","West","East"
"258","2022-11-16",22200211,"Final","CHA","IND",2022,1610612766,113,0.457,0.833,0.364,29,44,1610612754,125,0.537,0.839,0.393,27,34,"Loss","East","East"
"259","2022-11-16",22200212,"Final","ORL","MIN",2022,1610612753,108,0.452,0.882,0.257,21,47,1610612750,126,0.523,0.786,0.333,28,40,"Loss","East","West"
"260","2022-11-16",22200213,"Final","WAS","OKC",2022,1610612764,120,0.512,0.882,0.5,32,41,1610612760,121,0.543,0.654,0.516,24,37,"Loss","East","West"
"261","2022-11-16",22200214,"Final","ATL","BOS",2022,1610612737,101,0.416,0.769,0.219,21,45,1610612738,126,0.545,0.9,0.457,29,49,"Loss","East","East"
"262","2022-11-16",22200215,"Final","TOR","MIA",2022,1610612761,112,0.512,0.773,0.269,23,42,1610612748,104,0.545,0.864,0.371,19,23,"Win","East","East"
"263","2022-11-16",22200216,"Final","MIL","CLE",2022,1610612749,113,0.477,0.556,0.41,26,52,1610612739,98,0.429,0.824,0.429,22,34,"Win","East","East"
"264","2022-11-16",22200217,"Final","NOP","CHI",2022,1610612740,124,0.506,0.875,0.515,30,46,1610612741,110,0.494,0.647,0.344,25,37,"Win","West","East"
"265","2022-11-16",22200218,"Final","DAL","HOU",2022,1610612742,92,0.304,0.947,0.218,21,38,1610612745,101,0.467,0.875,0.455,21,56,"Loss","West","West"
"266","2022-11-16",22200219,"Final","DEN","NYK",2022,1610612743,103,0.439,0.85,0.368,18,42,1610612752,106,0.44,0.774,0.235,24,40,"Loss","West","East"
"267","2022-11-16",22200220,"Final","PHX","GSW",2022,1610612756,130,0.512,0.84,0.525,33,47,1610612744,119,0.457,1,0.429,30,40,"Win","West","West"
"268","2022-11-15",22200206,"Final","NOP","MEM",2022,1610612740,113,0.473,0.75,0.474,31,43,1610612763,102,0.413,0.68,0.257,16,51,"Win","West","West"
"269","2022-11-15",22200207,"Final","DAL","LAC",2022,1610612742,103,0.438,0.667,0.395,20,34,1610612746,101,0.531,0.808,0.429,23,40,"Win","West","West"
"270","2022-11-15",22200208,"Final","UTA","NYK",2022,1610612762,111,0.434,0.833,0.326,29,49,1610612752,118,0.473,0.76,0.344,26,43,"Loss","West","East"
"271","2022-11-15",22200209,"Final","POR","SAS",2022,1610612757,117,0.519,0.769,0.469,22,39,1610612759,110,0.518,0.765,0.31,34,38,"Win","West","West"
"272","2022-11-15",22200210,"Final","SAC","BKN",2022,1610612758,153,0.596,0.84,0.488,39,43,1610612751,121,0.494,0.909,0.393,25,29,"Win","West","East"
"273","2022-11-14",22200199,"Final","DET","TOR",2022,1610612765,111,0.455,0.721,0.323,23,39,1610612761,115,0.488,0.964,0.296,27,42,"Loss","East","East"
"274","2022-11-14",22200200,"Final","ORL","CHA",2022,1610612753,105,0.409,0.826,0.389,23,48,1610612766,112,0.477,0.875,0.2,22,37,"Loss","East","East"
"275","2022-11-14",22200201,"Final","BOS","OKC",2022,1610612738,126,0.479,0.828,0.27,25,46,1610612760,122,0.48,0.81,0.367,21,51,"Win","East","West"
"276","2022-11-14",22200202,"Final","MIA","PHX",2022,1610612748,113,0.458,0.88,0.455,23,42,1610612756,112,0.485,0.5,0.389,22,45,"Win","East","West"
"277","2022-11-14",22200203,"Final","HOU","LAC",2022,1610612745,106,0.453,0.613,0.3,20,40,1610612746,122,0.506,0.788,0.368,25,44,"Loss","West","West"
"278","2022-11-14",22200204,"Final","MIL","ATL",2022,1610612749,106,0.415,0.78,0.207,21,46,1610612737,121,0.478,0.867,0.35,23,45,"Loss","East","East"
"279","2022-11-14",22200205,"Final","GSW","SAS",2022,1610612744,132,0.534,0.938,0.511,35,40,1610612759,95,0.36,0.684,0.25,18,53,"Win","West","West"
"280","2022-11-13",22200192,"Final","NYK","OKC",2022,1610612752,135,0.495,0.879,0.323,25,35,1610612760,145,0.625,0.9,0.548,31,38,"Loss","East","West"
"281","2022-11-13",22200193,"Final","CLE","MIN",2022,1610612739,124,0.449,0.692,0.5,22,40,1610612750,129,0.561,0.735,0.5,30,47,"Loss","East","West"
"282","2022-11-13",22200194,"Final","WAS","MEM",2022,1610612764,102,0.419,0.524,0.475,26,47,1610612763,92,0.396,0.7,0.321,21,51,"Win","East","West"
"283","2022-11-13",22200195,"Final","PHI","UTA",2022,1610612755,105,0.482,0.808,0.174,21,39,1610612762,98,0.394,0.565,0.297,23,50,"Win","East","West"
"284","2022-11-13",22200196,"Final","CHI","DEN",2022,1610612741,103,0.494,0.81,0.273,24,36,1610612743,126,0.6,0.81,0.481,33,36,"Loss","East","West"
"285","2022-11-13",22200197,"Final","SAC","GSW",2022,1610612758,122,0.516,0.632,0.432,31,45,1610612744,115,0.467,0.938,0.34,27,43,"Win","West","West"
"286","2022-11-13",22200198,"Final","LAL","BKN",2022,1610612747,116,0.484,0.85,0.407,25,45,1610612751,103,0.45,0.774,0.259,22,41,"Win","West","East"
"287","2022-11-12",22200184,"Final","LAC","BKN",2022,1610612746,95,0.4,0.8,0.355,22,46,1610612751,110,0.482,0.667,0.457,27,41,"Loss","West","East"
"288","2022-11-12",22200185,"Final","WAS","UTA",2022,1610612764,121,0.5,0.85,0.444,27,46,1610612762,112,0.468,0.909,0.35,33,42,"Win","East","West"
"289","2022-11-12",22200186,"Final","DET","BOS",2022,1610612765,108,0.416,0.857,0.421,23,50,1610612738,117,0.429,0.875,0.375,27,42,"Loss","East","East"
"290","2022-11-12",22200187,"Final","IND","TOR",2022,1610612754,118,0.5,0.739,0.442,33,51,1610612761,104,0.394,0.793,0.2,14,43,"Win","East","East"
"291","2022-11-12",22200188,"Final","PHI","ATL",2022,1610612755,121,0.55,0.806,0.333,24,31,1610612737,109,0.449,0.852,0.25,20,43,"Win","East","East"
"292","2022-11-12",22200189,"Final","MIA","CHA",2022,1610612748,132,0.527,0.857,0.39,32,46,1610612766,115,0.511,0.875,0.29,25,37,"Win","East","East"
"293","2022-11-12",22200190,"Final","DAL","POR",2022,1610612742,117,0.506,0.808,0.326,26,40,1610612757,112,0.45,0.771,0.419,20,44,"Win","West","West"
"294","2022-11-12",22200191,"Final","NOP","HOU",2022,1610612740,119,0.488,0.871,0.276,28,36,1610612745,106,0.506,0.778,0.333,24,43,"Win","West","West"
"295","2022-11-11",22200176,"Final","BOS","DEN",2022,1610612738,131,0.556,0.75,0.432,30,46,1610612743,112,0.457,0.8,0.414,26,38,"Win","East","West"
"296","2022-11-11",22200177,"Final","ORL","PHX",2022,1610612753,114,0.524,0.867,0.455,23,50,1610612756,97,0.4,0.889,0.31,22,38,"Win","East","West"
"297","2022-11-11",22200178,"Final","NYK","DET",2022,1610612752,121,0.447,0.931,0.25,23,47,1610612765,112,0.463,0.756,0.226,22,43,"Win","East","East"
"298","2022-11-11",22200179,"Final","OKC","TOR",2022,1610612760,132,0.559,0.765,0.417,31,44,1610612761,113,0.432,0.722,0.367,20,39,"Win","West","East"
"299","2022-11-11",22200180,"Final","SAS","MIL",2022,1610612759,111,0.506,0.867,0.387,22,50,1610612749,93,0.327,0.739,0.279,22,48,"Win","West","East"
"300","2022-11-11",22200181,"Final","MEM","MIN",2022,1610612763,114,0.5,0.704,0.212,25,46,1610612750,103,0.468,0.864,0.333,29,33,"Win","West","West"
"301","2022-11-11",22200182,"Final","GSW","CLE",2022,1610612744,106,0.488,0.786,0.417,29,44,1610612739,101,0.402,0.731,0.267,25,46,"Win","West","East"
"302","2022-11-11",22200183,"Final","LAL","SAC",2022,1610612747,114,0.477,0.769,0.4,22,41,1610612758,120,0.517,0.857,0.333,27,40,"Loss","West","West"
"303","2022-11-10",22200172,"Final","WAS","DAL",2022,1610612764,113,0.488,0.95,0.4,25,52,1610612742,105,0.43,0.619,0.383,19,41,"Win","East","West"
"304","2022-11-10",22200173,"Final","ATL","PHI",2022,1610612737,104,0.443,0.87,0.231,19,54,1610612755,95,0.386,0.833,0.2,15,45,"Win","East","East"
"305","2022-11-10",22200174,"Final","MIA","CHA",2022,1610612748,117,0.433,0.806,0.278,21,38,1610612766,112,0.489,0.6,0.359,23,50,"Win","East","East"
"306","2022-11-10",22200175,"Final","NOP","POR",2022,1610612740,95,0.418,0.792,0.357,19,45,1610612757,106,0.435,0.769,0.353,25,46,"Loss","West","West"
"307","2022-11-09",22200161,"Final","ORL","DAL",2022,1610612753,94,0.493,0.667,0.381,20,49,1610612742,87,0.376,0.632,0.262,17,29,"Win","East","West"
"308","2022-11-09",22200159,"Final","CHA","POR",2022,1610612766,95,0.374,0.708,0.25,21,42,1610612757,105,0.533,0.56,0.324,28,45,"Loss","East","West"
"309","2022-11-09",22200160,"Final","IND","DEN",2022,1610612754,119,0.469,0.789,0.333,28,44,1610612743,122,0.489,0.923,0.429,27,47,"Loss","East","West"
"310","2022-11-09",22200162,"Final","ATL","UTA",2022,1610612737,119,0.468,0.818,0.286,24,54,1610612762,125,0.468,0.833,0.436,27,47,"Loss","East","West"
"311","2022-11-09",22200163,"Final","BOS","DET",2022,1610612738,128,0.534,0.762,0.391,31,43,1610612765,112,0.416,0.775,0.212,15,48,"Win","East","East"
"312","2022-11-09",22200164,"Final","BKN","NYK",2022,1610612751,112,0.483,0.7,0.412,30,55,1610612752,85,0.322,0.654,0.279,21,46,"Win","East","East"
"313","2022-11-09",22200165,"Final","TOR","HOU",2022,1610612761,116,0.412,0.85,0.341,19,50,1610612745,109,0.44,0.839,0.257,29,49,"Win","East","West"
"314","2022-11-09",22200166,"Final","CHI","NOP",2022,1610612741,111,0.506,0.889,0.259,23,35,1610612740,115,0.5,0.778,0.158,20,50,"Loss","East","West"
"315","2022-11-09",22200167,"Final","MIN","PHX",2022,1610612750,117,0.526,0.813,0.333,26,38,1610612756,129,0.485,0.95,0.457,31,36,"Loss","West","West"
"316","2022-11-09",22200168,"Final","OKC","MIL",2022,1610612760,132,0.45,0.737,0.4,24,55,1610612749,136,0.472,0.864,0.472,27,55,"Loss","West","East"
"317","2022-11-09",22200169,"Final","SAS","MEM",2022,1610612759,122,0.48,0.696,0.324,30,39,1610612763,124,0.51,0.769,0.438,24,53,"Loss","West","West"
"318","2022-11-09",22200170,"Final","LAC","LAL",2022,1610612746,114,0.506,0.769,0.364,24,41,1610612747,101,0.455,0.647,0.313,26,43,"Win","West","West"
"319","2022-11-09",22200171,"Final","SAC","CLE",2022,1610612758,127,0.526,0.857,0.436,30,24,1610612739,120,0.535,0.85,0.423,24,42,"Win","West","East"
"320","2022-11-07",22200144,"Final","CHA","WAS",2022,1610612766,100,0.416,0.688,0.156,27,45,1610612764,108,0.525,0.633,0.263,21,47,"Loss","East","East"
"321","2022-11-07",22200145,"Final","ORL","HOU",2022,1610612753,127,0.549,0.806,0.48,27,37,1610612745,134,0.529,0.72,0.5,31,40,"Loss","East","West"
"322","2022-11-07",22200146,"Final","DET","OKC",2022,1610612765,112,0.419,0.758,0.273,20,58,1610612760,103,0.402,0.647,0.303,23,46,"Win","East","West"
"323","2022-11-07",22200147,"Final","IND","NOP",2022,1610612754,129,0.5,0.913,0.458,33,45,1610612740,122,0.495,0.706,0.412,32,43,"Win","East","West"
"324","2022-11-07",22200148,"Final","PHI","PHX",2022,1610612755,100,0.388,0.839,0.375,22,48,1610612756,88,0.438,0.818,0.316,19,37,"Win","East","West"
"325","2022-11-07",22200149,"Final","ATL","MIL",2022,1610612737,117,0.465,0.824,0.379,23,48,1610612749,98,0.414,0.813,0.325,21,41,"Win","East","East"
"326","2022-11-07",22200150,"Final","MIA","POR",2022,1610612748,107,0.476,0.867,0.359,28,32,1610612757,110,0.528,0.857,0.432,27,37,"Loss","East","West"
"327","2022-11-07",22200151,"Final","CHI","TOR",2022,1610612741,111,0.525,0.818,0.321,30,49,1610612761,97,0.424,0.727,0.321,24,31,"Win","East","East"
"328","2022-11-07",22200152,"Final","MEM","BOS",2022,1610612763,106,0.451,0.643,0.341,27,45,1610612738,109,0.463,0.75,0.324,26,45,"Loss","West","East"
"329","2022-11-07",22200153,"Final","MIN","NYK",2022,1610612750,107,0.469,0.833,0.268,28,39,1610612752,120,0.438,0.92,0.396,26,43,"Loss","West","East"
"330","2022-11-07",22200154,"Final","SAS","DEN",2022,1610612759,109,0.524,0.611,0.364,31,38,1610612743,115,0.534,0.65,0.333,33,40,"Loss","West","West"
"331","2022-11-07",22200155,"Final","DAL","BKN",2022,1610612742,96,0.444,0.833,0.429,18,41,1610612751,94,0.438,0.737,0.345,22,34,"Win","West","East"
"332","2022-11-07",22200156,"Final","GSW","SAC",2022,1610612744,116,0.5,0.667,0.368,28,48,1610612758,113,0.407,0.862,0.35,24,43,"Win","West","West"
"333","2022-11-07",22200157,"Final","UTA","LAL",2022,1610612762,139,0.558,0.773,0.421,30,41,1610612747,116,0.488,0.9,0.375,15,33,"Win","West","West"
"334","2022-11-07",22200158,"Final","LAC","CLE",2022,1610612746,119,0.506,0.786,0.447,19,31,1610612739,117,0.518,0.714,0.485,29,48,"Win","West","East"
"335","2022-11-06",22200140,"Final","LAL","CLE",2022,1610612747,100,0.46,0.571,0.296,24,43,1610612739,114,0.44,0.889,0.25,19,48,"Loss","West","East"
"336","2022-11-06",22200141,"Final","TOR","CHI",2022,1610612761,113,0.427,0.75,0.27,28,52,1610612741,104,0.455,0.846,0.361,27,46,"Win","East","East"
"337","2022-11-06",22200142,"Final","MEM","WAS",2022,1610612763,103,0.429,0.8,0.31,20,50,1610612764,97,0.427,0.7,0.195,25,49,"Win","West","East"
"338","2022-11-06",22200143,"Final","LAC","UTA",2022,1610612746,102,0.494,0.615,0.242,22,32,1610612762,110,0.467,0.962,0.375,18,42,"Loss","West","West"
"339","2022-11-05",22200132,"Final","ORL","SAC",2022,1610612753,123,0.543,0.95,0.174,27,48,1610612758,126,0.505,0.654,0.375,24,36,"Loss","East","West"
"340","2022-11-05",22200133,"Final","CHA","BKN",2022,1610612766,94,0.372,0.696,0.333,22,50,1610612751,98,0.393,0.909,0.333,23,41,"Loss","East","East"
"341","2022-11-05",22200134,"Final","ATL","NOP",2022,1610612737,124,0.456,0.84,0.25,28,50,1610612740,121,0.435,0.714,0.304,23,59,"Win","East","West"
"342","2022-11-05",22200135,"Final","NYK","BOS",2022,1610612752,118,0.511,0.938,0.407,22,44,1610612738,133,0.534,1,0.529,30,34,"Loss","East","East"
"343","2022-11-05",22200136,"Final","MIL","OKC",2022,1610612749,108,0.422,0.882,0.362,23,55,1610612760,94,0.429,0.625,0.343,22,38,"Win","East","West"
"344","2022-11-05",22200137,"Final","MIN","HOU",2022,1610612750,129,0.613,0.8,0.455,38,36,1610612745,117,0.476,0.677,0.421,27,33,"Win","West","West"
"345","2022-11-05",22200138,"Final","DEN","SAS",2022,1610612743,126,0.609,0.5,0.517,37,47,1610612759,101,0.488,0.579,0.4,28,28,"Win","West","West"
"346","2022-11-05",22200139,"Final","PHX","POR",2022,1610612756,102,0.427,0.75,0.367,22,44,1610612757,82,0.38,0.625,0.467,22,40,"Win","West","West"
"347","2022-11-04",22200120,"Final","DET","CLE",2022,1610612765,88,0.373,0.867,0.351,16,34,1610612739,112,0.543,0.813,0.423,30,47,"Loss","East","East"
"348","2022-11-04",22200121,"Final","IND","MIA",2022,1610612754,101,0.463,0.652,0.308,28,42,1610612748,99,0.383,1,0.282,17,42,"Win","East","East"
"349","2022-11-04",22200122,"Final","PHI","NYK",2022,1610612755,104,0.378,0.81,0.277,27,44,1610612752,106,0.463,0.852,0.273,24,50,"Loss","East","East"
"350","2022-11-04",22200123,"Final","WAS","BKN",2022,1610612764,86,0.361,0.818,0.235,18,39,1610612751,128,0.556,1,0.5,32,48,"Loss","East","East"
"351","2022-11-04",22200124,"Final","BOS","CHI",2022,1610612738,123,0.494,0.821,0.29,24,39,1610612741,119,0.518,0.88,0.393,21,37,"Win","East","East"
"352","2022-11-04",22200125,"Final","MEM","CHA",2022,1610612763,130,0.51,0.778,0.444,34,60,1610612766,99,0.384,0.806,0.296,22,41,"Win","West","East"
"353","2022-11-04",22200126,"Final","SAS","LAC",2022,1610612759,106,0.477,0.556,0.387,23,35,1610612746,113,0.525,0.737,0.455,26,44,"Loss","West","West"
"354","2022-11-04",22200127,"Final","DAL","TOR",2022,1610612742,111,0.506,0.84,0.353,23,31,1610612761,110,0.443,0.84,0.324,20,44,"Win","West","East"
"355","2022-11-04",22200128,"Final","NOP","GSW",2022,1610612740,114,0.506,0.69,0.414,24,37,1610612744,105,0.493,0.92,0.375,23,29,"Win","West","West"
"356","2022-11-04",22200129,"Final","MIN","MIL",2022,1610612750,102,0.424,0.765,0.268,22,47,1610612749,115,0.482,0.571,0.447,29,51,"Loss","West","East"
"357","2022-11-04",22200130,"Final","PHX","POR",2022,1610612756,106,0.434,0.952,0.412,26,39,1610612757,108,0.506,0.8,0.435,30,42,"Loss","West","West"
"358","2022-11-04",22200131,"Final","LAL","UTA",2022,1610612747,116,0.482,0.893,0.423,22,40,1610612762,130,0.505,0.9,0.425,31,48,"Loss","West","West"
"359","2022-11-03",22200118,"Final","ORL","GSW",2022,1610612753,130,0.538,0.717,0.433,20,46,1610612744,129,0.515,0.667,0.442,31,35,"Win","East","West"
"360","2022-11-03",22200119,"Final","OKC","DEN",2022,1610612760,110,0.484,0.737,0.207,19,40,1610612743,122,0.536,0.875,0.581,32,47,"Loss","West","West"
"361","2022-11-02",22200108,"Final","PHI","WAS",2022,1610612755,111,0.464,0.7,0.528,25,32,1610612764,121,0.577,0.813,0.238,27,43,"Loss","East","East"
"362","2022-11-02",22200107,"Final","CLE","BOS",2022,1610612739,114,0.42,0.792,0.282,24,51,1610612738,113,0.409,0.963,0.268,26,52,"Win","East","East"
"363","2022-11-02",22200109,"Final","MIA","SAC",2022,1610612748,110,0.494,0.846,0.324,27,46,1610612758,107,0.477,0.857,0.361,29,39,"Win","East","West"
"364","2022-11-02",22200110,"Final","NYK","ATL",2022,1610612752,99,0.411,0.75,0.278,23,52,1610612737,112,0.411,0.75,0.353,28,51,"Loss","East","East"
"365","2022-11-02",22200111,"Final","CHI","CHA",2022,1610612741,106,0.432,0.889,0.452,28,51,1610612766,88,0.391,0.563,0.219,22,47,"Win","East","East"
"366","2022-11-02",22200112,"Final","HOU","LAC",2022,1610612745,101,0.42,0.762,0.289,17,50,1610612746,109,0.488,0.789,0.364,20,43,"Loss","West","West"
"367","2022-11-02",22200113,"Final","MIL","DET",2022,1610612749,116,0.467,0.833,0.263,24,52,1610612765,91,0.418,0.933,0.355,18,35,"Win","East","East"
"368","2022-11-02",22200114,"Final","SAS","TOR",2022,1610612759,100,0.394,0.857,0.326,29,46,1610612761,143,0.538,0.938,0.424,31,50,"Loss","West","East"
"369","2022-11-02",22200115,"Final","DAL","UTA",2022,1610612742,103,0.5,0.533,0.289,20,37,1610612762,100,0.464,0.857,0.333,28,40,"Win","West","West"
"370","2022-11-02",22200116,"Final","POR","MEM",2022,1610612757,106,0.404,0.808,0.394,27,46,1610612763,111,0.458,0.815,0.464,28,46,"Loss","West","West"
"371","2022-11-02",22200117,"Final","LAL","NOP",2022,1610612747,120,0.459,0.87,0.278,30,56,1610612740,117,0.461,0.714,0.32,35,51,"Win","West","West"
"372","2022-11-01",22200103,"Final","BKN","CHI",2022,1610612751,99,0.486,0.789,0.375,27,38,1610612741,108,0.438,0.857,0.4,20,44,"Loss","East","East"
"373","2022-11-01",22200104,"Final","MIA","GSW",2022,1610612748,116,0.455,1,0.381,32,39,1610612744,109,0.464,0.765,0.367,31,41,"Win","East","West"
"374","2022-11-01",22200105,"Final","OKC","ORL",2022,1610612760,116,0.474,0.8,0.294,28,36,1610612753,108,0.448,1,0.345,20,49,"Win","West","East"
"375","2022-11-01",22200106,"Final","PHX","MIN",2022,1610612756,116,0.461,0.773,0.395,31,34,1610612750,107,0.425,0.833,0.382,24,42,"Win","West","West"
"376","2022-10-31",22200096,"Final","CHA","SAC",2022,1610612766,108,0.512,0.571,0.483,31,38,1610612758,115,0.435,0.857,0.386,26,42,"Loss","East","West"
"377","2022-10-31",22200097,"Final","WAS","PHI",2022,1610612764,111,0.469,0.962,0.4,22,41,1610612755,118,0.554,0.7,0.4,26,37,"Loss","East","East"
"378","2022-10-31",22200098,"Final","BKN","IND",2022,1610612751,116,0.538,0.95,0.367,26,39,1610612754,109,0.471,0.696,0.282,23,38,"Win","East","East"
"379","2022-10-31",22200099,"Final","TOR","ATL",2022,1610612761,139,0.5,0.825,0.412,25,44,1610612737,109,0.464,0.8,0.379,28,37,"Win","East","East"
"380","2022-10-31",22200100,"Final","MIL","DET",2022,1610612749,110,0.437,0.793,0.275,20,50,1610612765,108,0.446,0.857,0.276,19,43,"Win","East","East"
"381","2022-10-31",22200101,"Final","UTA","MEM",2022,1610612762,121,0.472,0.818,0.404,26,48,1610612763,105,0.413,0.548,0.231,14,52,"Win","West","West"
"382","2022-10-31",22200102,"Final","LAC","HOU",2022,1610612746,95,0.425,0.706,0.25,23,46,1610612745,93,0.386,0.739,0.286,17,44,"Win","West","West"
"383","2022-10-30",22200088,"Final","LAC","NOP",2022,1610612746,91,0.419,0.615,0.282,24,39,1610612740,112,0.495,0.625,0.417,32,50,"Loss","West","West"
"384","2022-10-30",22200089,"Final","BOS","WAS",2022,1610612738,112,0.456,0.95,0.447,29,47,1610612764,94,0.388,0.688,0.219,22,51,"Win","East","East"
"385","2022-10-30",22200090,"Final","CLE","NYK",2022,1610612739,121,0.461,0.842,0.46,33,43,1610612752,108,0.489,0.5,0.37,26,45,"Win","East","East"
"386","2022-10-30",22200091,"Final","DET","GSW",2022,1610612765,128,0.482,0.895,0.424,24,47,1610612744,114,0.424,0.96,0.308,23,42,"Win","East","West"
"387","2022-10-30",22200092,"Final","SAS","MIN",2022,1610612759,107,0.419,0.76,0.4,27,52,1610612750,98,0.404,0.7,0.138,21,45,"Win","West","West"
"388","2022-10-30",22200093,"Final","DAL","ORL",2022,1610612742,114,0.494,0.75,0.314,15,37,1610612753,105,0.457,0.741,0.379,20,47,"Win","West","East"
"389","2022-10-30",22200094,"Final","PHX","HOU",2022,1610612756,124,0.536,0.733,0.3,29,36,1610612745,109,0.437,0.846,0.324,18,49,"Win","West","West"
"390","2022-10-30",22200095,"Final","LAL","DEN",2022,1610612747,121,0.479,0.8,0.433,24,51,1610612743,110,0.427,0.722,0.375,24,48,"Win","West","West"
"391","2022-10-29",22200081,"Final","SAC","MIA",2022,1610612758,119,0.553,0.724,0.452,27,43,1610612748,113,0.427,0.839,0.393,18,34,"Win","West","East"
"392","2022-10-29",22200082,"Final","CHA","GSW",2022,1610612766,120,0.422,0.774,0.323,32,55,1610612744,113,0.44,0.75,0.295,31,49,"Win","East","West"
"393","2022-10-29",22200083,"Final","BKN","IND",2022,1610612751,116,0.5,0.769,0.359,29,34,1610612754,125,0.426,0.846,0.5,31,53,"Loss","East","East"
"394","2022-10-29",22200084,"Final","CHI","PHI",2022,1610612741,109,0.45,0.897,0.355,22,40,1610612755,114,0.494,0.815,0.483,28,41,"Loss","East","East"
"395","2022-10-29",22200085,"Final","MIL","ATL",2022,1610612749,123,0.489,0.655,0.389,24,49,1610612737,115,0.479,0.8,0.448,19,42,"Win","East","East"
"396","2022-10-29",22200086,"Final","DAL","OKC",2022,1610612742,111,0.4,0.794,0.2,17,49,1610612760,117,0.494,0.774,0.2,25,47,"Loss","West","West"
"397","2022-10-29",22200087,"Final","UTA","MEM",2022,1610612762,124,0.517,0.75,0.432,30,34,1610612763,123,0.568,0.733,0.444,24,40,"Win","West","West"
"398","2022-10-28",22200070,"Final","DET","ATL",2022,1610612765,112,0.43,0.816,0.219,18,42,1610612737,136,0.567,0.778,0.414,31,45,"Loss","East","East"
"399","2022-10-28",22200071,"Final","ORL","CHA",2022,1610612753,113,0.494,0.731,0.27,28,48,1610612766,93,0.384,0.667,0.289,21,47,"Win","East","East"
"400","2022-10-28",22200072,"Final","BOS","CLE",2022,1610612738,123,0.512,0.813,0.394,28,34,1610612739,132,0.517,0.765,0.457,18,42,"Loss","East","East"
"401","2022-10-28",22200073,"Final","TOR","PHI",2022,1610612761,90,0.384,0.625,0.231,20,45,1610612755,112,0.524,0.909,0.421,25,41,"Loss","East","East"
"402","2022-10-28",22200074,"Final","WAS","IND",2022,1610612764,117,0.477,0.821,0.4,25,38,1610612754,127,0.506,0.909,0.517,30,41,"Loss","East","East"
"403","2022-10-28",22200075,"Final","MIL","NYK",2022,1610612749,119,0.385,0.815,0.289,23,60,1610612752,108,0.398,0.688,0.343,19,54,"Win","East","East"
"404","2022-10-28",22200076,"Final","MIN","LAL",2022,1610612750,111,0.414,0.667,0.325,27,49,1610612747,102,0.416,0.704,0.31,20,55,"Win","West","West"
"405","2022-10-28",22200077,"Final","SAS","CHI",2022,1610612759,129,0.535,0.808,0.421,37,42,1610612741,124,0.475,0.808,0.333,20,42,"Win","West","East"
"406","2022-10-28",22200078,"Final","DEN","UTA",2022,1610612743,117,0.459,0.647,0.459,18,58,1610612762,101,0.418,0.789,0.256,24,38,"Win","West","West"
"407","2022-10-28",22200079,"Final","PHX","NOP",2022,1610612756,124,0.522,0.9,0.303,33,47,1610612740,111,0.442,0.909,0.405,25,33,"Win","West","West"
"408","2022-10-28",22200080,"Final","POR","HOU",2022,1610612757,125,0.533,0.8,0.371,30,45,1610612745,111,0.426,0.81,0.368,23,39,"Win","West","West"
"409","2022-10-27",22200066,"Final","BKN","DAL",2022,1610612751,125,0.462,0.9,0.343,20,45,1610612742,129,0.506,0.771,0.5,25,37,"Loss","East","West"
"410","2022-10-27",22200067,"Final","OKC","LAC",2022,1610612760,118,0.495,0.875,0.447,27,36,1610612746,110,0.537,0.722,0.321,21,44,"Win","West","West"
"411","2022-10-27",22200068,"Final","GSW","MIA",2022,1610612744,123,0.5,0.867,0.391,30,50,1610612748,110,0.443,0.818,0.326,25,31,"Win","West","East"
"412","2022-10-27",22200069,"Final","SAC","MEM",2022,1610612758,110,0.482,0.818,0.316,28,40,1610612763,125,0.533,0.722,0.424,27,43,"Loss","West","West"
"413","2022-10-26",22200056,"Final","CLE","ORL",2022,1610612739,103,0.414,0.7,0.303,25,43,1610612753,92,0.432,0.762,0.25,19,43,"Win","East","East"
"414","2022-10-26",22200057,"Final","DET","ATL",2022,1610612765,113,0.462,0.682,0.438,23,40,1610612737,118,0.495,0.8,0.364,22,46,"Loss","East","East"
"415","2022-10-26",22200058,"Final","NYK","CHA",2022,1610612752,134,0.536,0.864,0.367,26,46,1610612766,131,0.495,0.667,0.419,31,42,"Win","East","East"
"416","2022-10-26",22200059,"Final","TOR","PHI",2022,1610612761,119,0.548,0.786,0.432,32,39,1610612755,109,0.506,0.684,0.444,29,34,"Win","East","East"
"417","2022-10-26",22200060,"Final","MIL","BKN",2022,1610612749,110,0.443,0.759,0.278,21,54,1610612751,99,0.395,0.8,0.259,23,37,"Win","East","East"
"418","2022-10-26",22200061,"Final","CHI","IND",2022,1610612741,124,0.494,0.917,0.533,34,44,1610612754,109,0.43,0.792,0.4,31,38,"Win","East","East"
"419","2022-10-26",22200062,"Final","MIN","SAS",2022,1610612750,134,0.65,0.625,0.588,37,30,1610612759,122,0.453,0.909,0.444,34,41,"Win","West","West"
"420","2022-10-26",22200063,"Final","UTA","HOU",2022,1610612762,109,0.422,0.667,0.289,28,53,1610612745,101,0.383,0.75,0.275,19,49,"Win","West","West"
"421","2022-10-26",22200064,"Final","DEN","LAL",2022,1610612743,110,0.457,0.81,0.265,34,54,1610612747,99,0.444,0.688,0.267,25,47,"Win","West","West"
"422","2022-10-26",22200065,"Final","POR","MIA",2022,1610612757,98,0.436,0.692,0.324,20,38,1610612748,119,0.506,0.842,0.395,34,46,"Loss","West","East"
"423","2022-10-25",22200052,"Final","WAS","DET",2022,1610612764,120,0.518,0.846,0.303,26,47,1610612765,99,0.409,0.76,0.286,12,41,"Win","East","East"
"424","2022-10-25",22200053,"Final","NOP","DAL",2022,1610612740,113,0.579,0.722,0.444,25,26,1610612742,111,0.5,0.708,0.308,18,37,"Win","West","West"
"425","2022-10-25",22200054,"Final","OKC","LAC",2022,1610612760,108,0.382,0.8,0.133,19,60,1610612746,94,0.422,0.778,0.323,21,47,"Win","West","West"
"426","2022-10-25",22200055,"Final","PHX","GSW",2022,1610612756,134,0.511,0.824,0.414,31,48,1610612744,105,0.451,0.765,0.286,28,40,"Win","West","West"
"427","2022-10-24",22200044,"Final","PHI","IND",2022,1610612755,120,0.475,0.893,0.442,25,39,1610612754,106,0.422,0.783,0.273,27,47,"Win","East","East"
"428","2022-10-24",22200045,"Final","MIA","TOR",2022,1610612748,90,0.349,0.889,0.235,19,46,1610612761,98,0.395,0.8,0.438,22,52,"Loss","East","East"
"429","2022-10-24",22200046,"Final","NYK","ORL",2022,1610612752,115,0.462,0.72,0.297,24,50,1610612753,102,0.419,0.852,0.2,14,41,"Win","East","East"
"430","2022-10-24",22200047,"Final","CHI","BOS",2022,1610612741,120,0.483,0.897,0.476,29,60,1610612738,102,0.37,0.833,0.375,26,45,"Win","East","East"
"431","2022-10-24",22200048,"Final","HOU","UTA",2022,1610612745,114,0.422,0.844,0.314,17,47,1610612762,108,0.473,0.563,0.344,23,49,"Win","West","West"
"432","2022-10-24",22200049,"Final","MEM","BKN",2022,1610612763,134,0.5,0.774,0.471,21,38,1610612751,124,0.54,0.808,0.31,27,35,"Win","West","East"
"433","2022-10-24",22200050,"Final","MIN","SAS",2022,1610612750,106,0.442,0.917,0.258,24,50,1610612759,115,0.457,0.538,0.324,37,50,"Loss","West","West"
"434","2022-10-24",22200051,"Final","POR","DEN",2022,1610612757,135,0.578,0.742,0.457,23,45,1610612743,110,0.495,0.571,0.387,28,38,"Win","West","West"
"435","2022-10-23",22200037,"Final","LAL","POR",2022,1610612747,104,0.446,0.8,0.182,26,40,1610612757,106,0.44,0.815,0.37,19,52,"Loss","West","West"
"436","2022-10-23",22200038,"Final","ATL","CHA",2022,1610612737,109,0.411,0.821,0.229,23,45,1610612766,126,0.522,0.7,0.423,28,52,"Loss","East","East"
"437","2022-10-23",22200039,"Final","CLE","WAS",2022,1610612739,117,0.427,0.88,0.394,19,48,1610612764,107,0.494,0.6,0.429,25,35,"Win","East","East"
"438","2022-10-23",22200040,"Final","NOP","UTA",2022,1610612740,121,0.471,0.773,0.296,30,45,1610612762,122,0.439,0.821,0.342,29,44,"Loss","West","West"
"439","2022-10-23",22200041,"Final","OKC","MIN",2022,1610612760,106,0.436,0.714,0.22,24,42,1610612750,116,0.523,0.636,0.294,24,54,"Loss","West","West"
"440","2022-10-23",22200042,"Final","GSW","SAC",2022,1610612744,130,0.517,0.722,0.424,24,37,1610612758,125,0.47,0.8,0.256,31,51,"Win","West","West"
"441","2022-10-23",22200043,"Final","LAC","PHX",2022,1610612746,95,0.439,0.7,0.281,16,43,1610612756,112,0.462,0.917,0.357,29,49,"Loss","West","West"
"442","2022-10-22",22200028,"Final","PHI","SAS",2022,1610612755,105,0.44,0.75,0.323,26,40,1610612759,114,0.483,0.8,0.421,27,43,"Loss","East","West"
"443","2022-10-22",22200029,"Final","IND","DET",2022,1610612754,124,0.437,0.75,0.381,28,59,1610612765,115,0.389,0.767,0.429,26,53,"Win","East","East"
"444","2022-10-22",22200030,"Final","ORL","BOS",2022,1610612753,120,0.474,0.652,0.441,21,48,1610612738,126,0.483,0.821,0.404,24,37,"Loss","East","East"
"445","2022-10-22",22200031,"Final","MIA","TOR",2022,1610612748,112,0.5,0.926,0.367,28,44,1610612761,109,0.425,0.75,0.359,24,37,"Win","East","East"
"446","2022-10-22",22200032,"Final","CHI","CLE",2022,1610612741,96,0.405,0.84,0.241,19,35,1610612739,128,0.565,0.889,0.593,32,48,"Loss","East","East"
"447","2022-10-22",22200033,"Final","MIL","HOU",2022,1610612749,125,0.565,0.619,0.516,29,47,1610612745,105,0.387,0.773,0.432,20,47,"Win","East","West"
"448","2022-10-22",22200034,"Final","DAL","MEM",2022,1610612742,137,0.5,0.833,0.436,23,52,1610612763,96,0.43,0.792,0.273,20,29,"Win","West","West"
"449","2022-10-22",22200035,"Final","DEN","OKC",2022,1610612743,122,0.494,0.581,0.526,33,46,1610612760,117,0.447,0.783,0.395,29,47,"Win","West","West"
"450","2022-10-22",22200036,"Final","SAC","LAC",2022,1610612758,109,0.471,0.577,0.4,24,39,1610612746,111,0.506,0.909,0.409,24,40,"Loss","West","West"
"451","2022-10-21",22200017,"Final","CHA","NOP",2022,1610612766,112,0.454,0.786,0.382,30,37,1610612740,124,0.472,0.865,0.364,23,53,"Loss","East","West"
"452","2022-10-21",22200018,"Final","IND","SAS",2022,1610612754,134,0.49,0.955,0.314,32,42,1610612759,137,0.543,0.727,0.548,34,37,"Loss","East","West"
"453","2022-10-21",22200019,"Final","WAS","CHI",2022,1610612764,102,0.513,0.909,0.385,26,39,1610612741,100,0.418,0.818,0.259,19,38,"Win","East","East"
"454","2022-10-21",22200020,"Final","ATL","ORL",2022,1610612737,108,0.449,0.938,0.419,26,46,1610612753,98,0.413,0.8,0.235,16,44,"Win","East","East"
"455","2022-10-21",22200021,"Final","BKN","TOR",2022,1610612751,109,0.475,0.69,0.371,26,44,1610612761,105,0.488,0.667,0.393,25,41,"Win","East","East"
"456","2022-10-21",22200022,"Final","MIA","BOS",2022,1610612748,104,0.457,0.8,0.308,23,36,1610612738,111,0.519,1,0.424,17,43,"Loss","East","East"
"457","2022-10-21",22200023,"Final","NYK","DET",2022,1610612752,130,0.526,0.636,0.421,29,50,1610612765,106,0.433,0.594,0.25,26,49,"Win","East","East"
"458","2022-10-21",22200024,"Final","HOU","MEM",2022,1610612745,122,0.473,0.6,0.457,18,45,1610612763,129,0.459,0.69,0.452,26,50,"Loss","West","West"
"459","2022-10-21",22200025,"Final","MIN","UTA",2022,1610612750,126,0.458,0.739,0.333,20,60,1610612762,132,0.441,0.667,0.4,39,54,"Loss","West","West"
"460","2022-10-21",22200026,"Final","GSW","DEN",2022,1610612744,123,0.477,0.889,0.341,34,35,1610612743,128,0.535,0.84,0.441,30,41,"Loss","West","West"
"461","2022-10-21",22200027,"Final","POR","PHX",2022,1610612757,113,0.439,0.861,0.345,14,48,1610612756,111,0.457,0.714,0.37,31,41,"Win","West","West"
"462","2022-10-20",22200015,"Final","PHI","MIL",2022,1610612755,88,0.434,0.846,0.208,17,44,1610612749,90,0.405,0.643,0.31,24,48,"Loss","East","East"
"463","2022-10-20",22200016,"Final","LAL","LAC",2022,1610612747,97,0.351,0.846,0.2,23,38,1610612746,103,0.463,0.645,0.31,18,58,"Loss","West","West"
"464","2022-10-19",22200003,"Final","DET","ORL",2022,1610612765,113,0.426,0.792,0.368,31,41,1610612753,109,0.488,0.737,0.367,21,48,"Win","East","East"
"465","2022-10-19",22200004,"Final","IND","WAS",2022,1610612754,107,0.402,0.667,0.357,21,42,1610612764,114,0.457,0.792,0.355,21,53,"Loss","East","East"
"466","2022-10-19",22200005,"Final","ATL","HOU",2022,1610612737,117,0.5,0.833,0.28,30,38,1610612745,107,0.429,0.933,0.257,25,54,"Win","East","West"
"467","2022-10-19",22200006,"Final","BKN","NOP",2022,1610612751,108,0.449,0.75,0.303,22,39,1610612740,130,0.49,0.72,0.462,31,61,"Loss","East","West"
"468","2022-10-19",22200007,"Final","MIA","CHI",2022,1610612748,108,0.463,0.786,0.429,21,46,1610612741,116,0.441,0.75,0.361,23,46,"Loss","East","East"
"469","2022-10-19",22200008,"Final","TOR","CLE",2022,1610612761,108,0.419,0.719,0.433,19,41,1610612739,105,0.494,0.826,0.357,25,38,"Win","East","East"
"470","2022-10-19",22200009,"Final","MEM","NYK",2022,1610612763,115,0.389,0.609,0.34,27,64,1610612752,112,0.404,0.833,0.243,28,54,"Win","West","East"
"471","2022-10-19",22200010,"Final","MIN","OKC",2022,1610612750,115,0.415,0.818,0.263,25,55,1610612760,108,0.384,0.818,0.311,22,57,"Win","West","West"
"472","2022-10-19",22200011,"Final","SAS","CHA",2022,1610612759,102,0.404,0.714,0.206,22,44,1610612766,129,0.511,0.87,0.448,26,51,"Loss","West","East"
"473","2022-10-19",22200012,"Final","UTA","DEN",2022,1610612762,123,0.506,0.742,0.421,27,43,1610612743,102,0.482,0.944,0.227,21,35,"Win","West","West"
"474","2022-10-19",22200013,"Final","PHX","DAL",2022,1610612756,107,0.471,0.864,0.364,25,40,1610612742,105,0.467,0.618,0.4,17,40,"Win","West","West"
"475","2022-10-19",22200014,"Final","SAC","POR",2022,1610612758,108,0.459,0.684,0.386,27,41,1610612757,115,0.443,0.788,0.393,20,44,"Loss","West","West"
"476","2022-10-18",22200001,"Final","BOS","PHI",2022,1610612738,126,0.561,0.786,0.343,24,36,1610612755,117,0.5,0.857,0.382,16,31,"Win","East","East"
"477","2022-10-18",22200002,"Final","GSW","LAL",2022,1610612744,123,0.455,0.739,0.356,31,48,1610612747,109,0.426,0.76,0.25,23,48,"Win","West","West"
"478","2022-10-14",12200062,"Final","IND","HOU",2022,1610612754,114,0.442,0.75,0.293,29,38,1610612745,122,0.483,0.909,0.462,20,51,"Loss","East","West"
"479","2022-10-14",12200063,"Final","ORL","CLE",2022,1610612753,114,0.438,0.774,0.308,23,52,1610612739,108,0.461,0.833,0.433,18,35,"Win","East","East"
"480","2022-10-14",12200064,"Final","TOR","BOS",2022,1610612761,137,0.454,0.78,0.241,22,57,1610612738,134,0.44,0.875,0.352,25,44,"Win","East","East"
"481","2022-10-14",12200065,"Final","NYK","WAS",2022,1610612752,105,0.427,0.75,0.242,25,66,1610612764,89,0.379,0.65,0.222,23,40,"Win","East","East"
"482","2022-10-14",12200066,"Final","MIN","BKN",2022,1610612750,102,0.439,0.676,0.212,24,46,1610612751,112,0.42,0.857,0.4,22,46,"Loss","West","East"
"483","2022-10-14",12200067,"Final","NOP","ATL",2022,1610612740,120,0.484,0.783,0.357,33,50,1610612737,111,0.483,0.667,0.333,33,43,"Win","West","East"
"484","2022-10-14",12200068,"Final","UTA","DAL",2022,1610612762,101,0.451,0.765,0.231,25,52,1610612742,115,0.447,0.667,0.362,28,36,"Loss","West","West"
"485","2022-10-14",12200069,"Final","GSW","DEN",2022,1610612744,112,0.435,0.846,0.238,33,41,1610612743,119,0.507,0.829,0.29,28,44,"Loss","West","West"
"486","2022-10-14",12200070,"Final","SAC","LAL",2022,1610612758,133,0.489,0.724,0.488,30,55,1610612747,86,0.358,0.645,0.242,18,37,"Win","West","West"
"487","2022-10-13",12200060,"Final","DET","MEM",2022,1610612765,111,0.392,0.842,0.288,23,55,1610612763,126,0.455,0.711,0.219,23,51,"Loss","East","West"
"488","2022-10-13",12200061,"Final","SAS","OKC",2022,1610612759,112,0.466,0.735,0.192,23,53,1610612760,118,0.465,0.8,0.294,24,39,"Loss","West","West"
"489","2022-10-12",12200052,"Final","CLE","ATL",2022,1610612739,105,0.412,0.818,0.41,30,49,1610612737,99,0.341,0.844,0.444,17,60,"Win","East","East"
"490","2022-10-12",12200053,"Final","IND","NYK",2022,1610612754,109,0.477,0.75,0.3,26,49,1610612752,100,0.371,0.773,0.268,24,49,"Win","East","East"
"491","2022-10-12",12200054,"Final","PHI","CHA",2022,1610612755,99,0.393,0.818,0.314,17,42,1610612766,94,0.481,0.611,0.269,21,49,"Win","East","East"
"492","2022-10-12",12200055,"Final","MIA","NOP",2022,1610612748,120,0.471,0.75,0.39,27,46,1610612740,103,0.393,0.813,0.212,24,44,"Win","East","West"
"493","2022-10-12",12200056,"Final","MIL","BKN",2022,1610612749,97,0.415,0.762,0.394,19,43,1610612751,107,0.512,0.545,0.3,32,41,"Loss","East","East"
"494","2022-10-12",12200057,"Final","LAL","MIN",2022,1610612747,113,0.446,0.784,0.256,26,52,1610612750,118,0.423,0.733,0.359,29,52,"Loss","West","West"
"495","2022-10-12",12200058,"Final","PHX","SAC",2022,1610612756,104,0.418,0.886,0.241,22,48,1610612758,105,0.409,0.655,0.359,24,39,"Loss","West","West"
"496","2022-10-12",12200059,"Final","LAC","DEN",2022,1610612746,115,0.482,0.8,0.393,28,38,1610612743,126,0.54,0.786,0.435,28,44,"Loss","West","West"
"497","2022-10-11",12200047,"Final","DET","OKC",2022,1610612765,99,0.412,0.739,0.333,26,42,1610612760,115,0.523,0.6,0.406,25,48,"Loss","East","West"
"498","2022-10-11",12200048,"Final","ORL","MEM",2022,1610612753,109,0.476,0.944,0.343,30,50,1610612763,105,0.402,0.815,0.25,19,42,"Win","East","West"
"499","2022-10-11",12200049,"Final","CHI","MIL",2022,1610612741,127,0.532,0.739,0.323,32,57,1610612749,104,0.402,0.667,0.314,25,35,"Win","East","East"
"500","2022-10-11",12200050,"Final","UTA","SAS",2022,1610612762,104,0.408,0.542,0.262,24,54,1610612759,111,0.477,0.727,0.355,24,48,"Loss","West","West"
"501","2022-10-11",12200051,"Final","GSW","POR",2022,1610612744,131,0.5,0.846,0.405,32,49,1610612757,98,0.386,0.73,0.28,18,43,"Win","West","West"
"502","2022-10-10",12200043,"Final","CHA","WAS",2022,1610612766,107,0.464,0.923,0.278,15,44,1610612764,116,0.484,0.737,0.387,29,36,"Loss","East","East"
"503","2022-10-10",12200044,"Final","CLE","PHI",2022,1610612739,97,0.436,0.649,0.238,20,49,1610612755,113,0.44,0.889,0.425,23,45,"Loss","East","East"
"504","2022-10-10",12200045,"Final","MIA","HOU",2022,1610612748,118,0.404,0.846,0.392,28,44,1610612745,110,0.451,0.706,0.372,27,49,"Win","East","West"
"505","2022-10-10",12200046,"Final","DEN","PHX",2022,1610612743,107,0.451,0.611,0.333,21,40,1610612756,105,0.427,0.821,0.324,25,43,"Win","West","West"
"506","2022-10-09",12200037,"Final","TOR","CHI",2022,1610612761,98,0.354,0.71,0.216,14,47,1610612741,115,0.506,0.842,0.406,29,52,"Loss","East","East"
"507","2022-10-09",12200039,"Final","SAS","NOP",2022,1610612759,97,0.366,0.762,0.265,22,48,1610612740,111,0.44,0.842,0.385,28,59,"Loss","West","West"
"508","2022-10-09",12200040,"Final","GSW","LAL",2022,1610612744,121,0.477,0.706,0.333,22,45,1610612747,124,0.5,0.944,0.436,24,38,"Loss","West","West"
"509","2022-10-09",12200041,"Final","SAC","POR",2022,1610612758,126,0.506,0.652,0.467,34,47,1610612757,94,0.403,0.839,0.345,18,29,"Win","West","West"
"510","2022-10-09",12200042,"Final","LAC","MIN",2022,1610612746,117,0.465,0.955,0.372,27,45,1610612750,119,0.495,0.857,0.351,32,42,"Loss","West","West"
"511","2022-10-08",12200036,"Final","MIL","ATL",2022,1610612749,109,0.446,0.8,0.357,22,42,1610612737,118,0.5,0.833,0.484,19,36,"Loss","East","East"
"512","2022-10-07",12200029,"Final","CHA","BOS",2022,1610612766,103,0.382,0.682,0.27,23,52,1610612738,112,0.438,0.882,0.432,27,57,"Loss","East","East"
"513","2022-10-07",12200030,"Final","NYK","IND",2022,1610612752,131,0.44,0.963,0.405,25,43,1610612754,114,0.446,0.731,0.394,26,47,"Win","East","East"
"514","2022-10-07",12200031,"Final","CHI","DEN",2022,1610612741,131,0.602,0.889,0.536,32,32,1610612743,113,0.466,0.81,0.412,29,40,"Win","East","West"
"515","2022-10-07",12200032,"Final","HOU","TOR",2022,1610612745,116,0.437,0.757,0.387,22,52,1610612761,100,0.434,0.579,0.176,18,40,"Win","West","East"
"516","2022-10-07",12200033,"Final","MEM","MIA",2022,1610612763,108,0.453,0.667,0.303,24,50,1610612748,111,0.425,0.864,0.346,29,39,"Loss","West","East"
"517","2022-10-07",12200034,"Final","NOP","DET",2022,1610612740,107,0.447,0.676,0.333,21,47,1610612765,101,0.365,0.806,0.286,22,45,"Win","West","East"
"518","2022-10-07",12200035,"Final","DAL","ORL",2022,1610612742,105,0.432,0.818,0.362,25,35,1610612753,110,0.459,0.833,0.343,22,52,"Loss","West","East"
"519","2022-10-06",12200023,"Final","ATL","MIL",2022,1610612737,123,0.547,0.786,0.318,23,39,1610612749,113,0.423,0.81,0.35,22,52,"Win","East","East"
"520","2022-10-06",12200024,"Final","BKN","MIA",2022,1610612751,80,0.392,0.773,0.179,16,47,1610612748,109,0.432,0.64,0.306,31,46,"Loss","East","East"
"521","2022-10-06",12200026,"Final","SAS","ORL",2022,1610612759,99,0.447,0.692,0.419,29,42,1610612753,102,0.444,0.778,0.243,21,43,"Loss","West","East"
"522","2022-10-06",12200028,"Final","LAL","MIN",2022,1610612747,99,0.34,0.733,0.224,23,54,1610612750,114,0.442,0.769,0.313,29,59,"Loss","West","West"
"523","2022-10-05",12200018,"Final","CHA","IND",2022,1610612766,97,0.344,0.611,0.209,20,49,1610612754,122,0.484,0.963,0.2,27,53,"Loss","East","East"
"524","2022-10-05",12200019,"Final","PHI","CLE",2022,1610612755,113,0.479,0.75,0.29,26,46,1610612739,112,0.462,0.737,0.424,22,43,"Win","East","East"
"525","2022-10-05",12200020,"Final","BOS","TOR",2022,1610612738,119,0.444,0.714,0.308,31,45,1610612761,125,0.459,0.72,0.219,22,59,"Loss","East","East"
"526","2022-10-05",12200021,"Final","OKC","DAL",2022,1610612760,96,0.4,0.765,0.188,17,45,1610612742,98,0.427,0.938,0.317,20,44,"Loss","West","West"
"527","2022-10-05",12200022,"Final","LAL","PHX",2022,1610612747,115,0.427,0.727,0.317,26,47,1610612756,119,0.371,0.848,0.317,21,55,"Loss","West","West"
"528","2022-10-04",12200014,"Final","NYK","DET",2022,1610612752,117,0.511,0.733,0.378,27,42,1610612765,96,0.407,0.739,0.31,19,44,"Win","East","East"
"529","2022-10-04",12200015,"Final","MIA","MIN",2022,1610612748,111,0.429,0.944,0.286,25,49,1610612750,121,0.513,0.743,0.394,22,39,"Loss","East","West"
"530","2022-10-04",12200016,"Final","CHI","NOP",2022,1610612741,125,0.483,0.882,0.333,27,46,1610612740,129,0.495,0.722,0.297,29,44,"Loss","East","West"
"531","2022-10-04",12200017,"Final","POR","UTA",2022,1610612757,101,0.444,0.621,0.344,21,38,1610612762,118,0.481,0.676,0.455,24,45,"Loss","West","West"
"532","2022-10-03",12200009,"Final","BKN","PHI",2022,1610612751,108,0.462,0.735,0.333,25,43,1610612755,127,0.407,0.96,0.341,26,56,"Loss","East","East"
"533","2022-10-03",12200010,"Final","MEM","ORL",2022,1610612763,109,0.439,0.794,0.278,27,50,1610612753,97,0.393,0.692,0.333,23,38,"Win","West","East"
"534","2022-10-03",12200011,"Final","DEN","OKC",2022,1610612743,101,0.411,0.739,0.303,20,43,1610612760,112,0.488,0.68,0.371,25,52,"Loss","West","West"
"535","2022-10-03",12200012,"Final","LAL","SAC",2022,1610612747,75,0.312,0.625,0.233,17,49,1610612758,105,0.408,0.632,0.231,25,54,"Loss","West","West"
"536","2022-10-03",12200013,"Final","LAC","POR",2022,1610612746,102,0.383,0.758,0.395,21,44,1610612757,97,0.397,0.771,0.286,18,46,"Win","West","West"
"537","2022-10-02",12200004,"Final","GSW","WAS",2022,1610612744,104,0.458,0.667,0.41,29,47,1610612764,95,0.353,0.9,0.242,23,46,"Win","West","East"
"538","2022-10-02",12200005,"Final","BOS","CHA",2022,1610612738,134,0.571,0.8,0.468,41,56,1610612766,93,0.347,0.643,0.152,13,43,"Win","East","East"
"539","2022-10-02",12200006,"Final","TOR","UTA",2022,1610612761,114,0.483,0.667,0.375,20,61,1610612762,82,0.323,0.588,0.25,21,46,"Win","East","West"
"540","2022-10-02",12200007,"Final","HOU","SAS",2022,1610612745,134,0.546,0.545,0.457,32,60,1610612759,96,0.355,0.655,0.262,21,44,"Win","West","West"
"541","2022-10-01",12200003,"Final","MIL","MEM",2022,1610612749,102,0.43,0.714,0.351,22,50,1610612763,107,0.494,0.724,0.357,25,41,"Loss","East","West"
"542","2022-09-30",12200001,"Final","WAS","GSW",2022,1610612764,87,0.369,0.633,0.171,20,44,1610612744,96,0.367,0.775,0.269,18,62,"Loss","East","West"
